order_id,order_date,region,category,product,sales_manager,units_sold,unit_price,discount_rate,net_sales,profit
ORD-100001,2025-02-02,South,Personal Care,Face Wash,Meera,68,19.75,0.0,1342.66,463.06
ORD-100002,2025-05-16,West,Personal Care,Body Lotion,Rohan,33,4.4,0.05,138.06,34.87
ORD-100003,2025-09-13,West,Electronics,Smart Watch,Kabir,71,49.53,0.1,3165.06,812.06
ORD-100004,2025-12-20,South,Grocery,Pasta,Kabir,7,24.1,0.0,168.73,38.84
ORD-100005,2025-08-18,South,Personal Care,Toothpaste,Rohan,66,18.01,0.0,1188.98,568.08
ORD-100006,2025-10-15,East,Home & Kitchen,Storage Box,Rohan,23,32.47,0.05,709.57,220.27
ORD-100007,2025-01-29,East,Personal Care,Body Lotion,Aarav,45,12.61,0.0,567.35,127.07
ORD-100008,2025-03-27,North,Grocery,Pasta,Diya,73,15.41,0.1,1012.49,435.28
ORD-100009,2025-05-03,North,Beverages,Mineral Water,Diya,58,6.62,0.0,383.89,140.39
ORD-100010,2025-04-21,East,Personal Care,Face Wash,Aarav,76,18.39,0.2,1118.33,275.53
ORD-100011,2025-04-06,South,Personal Care,Body Lotion,Kabir,23,7.45,0.05,162.83,69.52
ORD-100012,2025-11-09,West,Home & Kitchen,Storage Box,Kabir,53,96.23,0.0,5100.23,1692.27
ORD-100013,2025-03-10,North,Electronics,Bluetooth Speaker,Aarav,10,45.64,0.05,433.54,205.13
ORD-100014,2025-12-16,South,Home & Kitchen,Air Fryer,Aarav,7,132.23,0.0,925.6,352.22
ORD-100015,2025-07-18,South,Home & Kitchen,Cookware Set,Diya,3,32.53,0.1,87.83,34.75
ORD-100016,2025-08-29,East,Grocery,Biscuits,Aarav,27,14.24,0.1,346.04,82.19
ORD-100017,2025-12-18,West,Electronics,Bluetooth Speaker,Aarav,24,59.47,0.0,1427.19,260.16
ORD-100018,2025-11-22,West,Grocery,Biscuits,Sara,19,14.33,0.0,272.28,69.69
ORD-100019,2025-05-19,West,Electronics,Power Bank,Diya,20,152.64,0.15,2594.89,1092.63
ORD-100020,2025-04-24,West,Electronics,Power Bank,Meera,40,20.26,0.0,810.31,265.86
ORD-100021,2025-12-05,East,Personal Care,Face Wash,Sara,17,5.88,0.15,85.02,30.67
ORD-100022,2025-04-20,South,Home & Kitchen,Storage Box,Sara,26,18.11,0.0,470.79,206.16
ORD-100023,2025-10-01,West,Home & Kitchen,Mixer Grinder,Diya,48,73.42,0.0,3524.29,814.72
ORD-100024,2025-10-18,North,Electronics,Bluetooth Speaker,Meera,61,115.7,0.1,6352.11,1395.89
ORD-100025,2025-04-11,North,Home & Kitchen,Cookware Set,Diya,20,28.16,0.0,563.2,131.0
ORD-100026,2025-04-24,North,Grocery,Biscuits,Aarav,48,3.83,0.0,183.75,85.26
ORD-100027,2025-06-06,East,Home & Kitchen,Air Fryer,Diya,32,124.38,0.0,3980.02,1627.73
ORD-100028,2025-04-02,East,Grocery,Pasta,Aarav,24,3.71,0.15,75.78,34.12
ORD-100029,2025-11-02,West,Grocery,Rice,Sara,78,6.44,0.05,477.22,155.45
ORD-100030,2025-11-10,South,Personal Care,Face Wash,Meera,55,12.17,0.0,669.44,247.75
ORD-100031,2025-09-26,South,Electronics,Wireless Earbuds,Kabir,55,171.71,0.05,8972.1,2022.6
ORD-100032,2025-08-27,West,Home & Kitchen,Storage Box,Meera,61,40.3,0.0,2458.34,726.9
ORD-100033,2025-08-21,East,Beverages,Orange Juice,Sara,8,11.36,0.1,81.79,19.75
ORD-100034,2025-12-12,North,Personal Care,Body Lotion,Aarav,5,15.59,0.05,74.07,18.58
ORD-100035,2025-12-02,South,Personal Care,Shampoo,Diya,48,4.93,0.0,236.62,58.61
ORD-100036,2025-09-02,South,Personal Care,Toothpaste,Rohan,65,6.47,0.15,357.32,124.57
ORD-100037,2025-09-27,East,Electronics,Wireless Earbuds,Kabir,45,144.41,0.1,5848.56,1138.37
ORD-100038,2025-02-13,West,Grocery,Cooking Oil,Aarav,11,29.24,0.0,321.62,110.13
ORD-100039,2025-04-26,South,Home & Kitchen,Storage Box,Meera,73,139.63,0.15,8664.0,3882.11
ORD-100040,2025-12-31,East,Beverages,Orange Juice,Aarav,50,10.97,0.0,548.52,113.44
ORD-100041,2025-04-16,North,Personal Care,Shampoo,Sara,2,8.25,0.0,16.5,3.96
ORD-100042,2025-12-05,West,Grocery,Cooking Oil,Sara,65,26.59,0.05,1642.01,368.9
ORD-100043,2025-06-13,East,Beverages,Green Tea,Diya,17,4.71,0.05,76.03,35.53
ORD-100044,2025-11-19,East,Home & Kitchen,Mixer Grinder,Aarav,30,72.32,0.05,2061.12,899.6
ORD-100045,2025-04-01,South,Grocery,Pasta,Aarav,47,18.78,0.0,882.46,298.05
ORD-100046,2025-02-13,North,Grocery,Pasta,Diya,9,15.49,0.0,139.41,42.31
ORD-100047,2025-08-08,North,Electronics,Smart Watch,Meera,34,54.55,0.05,1761.84,500.84
ORD-100048,2025-04-26,West,Electronics,Bluetooth Speaker,Kabir,17,76.43,0.15,1104.36,363.24
ORD-100049,2025-09-25,West,Home & Kitchen,Mixer Grinder,Meera,26,29.48,0.0,766.53,303.41
ORD-100050,2025-05-02,North,Personal Care,Face Wash,Rohan,7,11.19,0.05,74.41,33.05
ORD-100051,2025-07-05,West,Electronics,Wireless Earbuds,Rohan,79,68.38,0.05,5131.61,2446.66
ORD-100052,2025-03-18,East,Home & Kitchen,Mixer Grinder,Aarav,57,84.5,0.0,4816.28,1664.15
ORD-100053,2025-11-04,North,Electronics,Power Bank,Diya,60,94.03,0.0,5641.86,2313.98
ORD-100054,2025-04-17,South,Grocery,Cooking Oil,Kabir,58,23.42,0.1,1222.62,307.04
ORD-100055,2025-08-13,South,Beverages,Orange Juice,Diya,44,5.38,0.05,225.07,46.62
ORD-100056,2025-08-03,West,Electronics,Smart Watch,Kabir,47,35.01,0.0,1645.32,622.5
ORD-100057,2025-04-26,North,Beverages,Orange Juice,Rohan,74,6.48,0.1,431.7,125.14
ORD-100058,2025-12-25,East,Grocery,Pasta,Rohan,78,30.6,0.0,2387.15,621.32
ORD-100059,2025-10-23,East,Home & Kitchen,Air Fryer,Diya,53,51.03,0.0,2704.51,1197.66
ORD-100060,2025-01-15,West,Grocery,Pasta,Sara,70,4.8,0.05,319.13,76.39
ORD-100061,2025-04-08,West,Grocery,Rice,Rohan,4,25.54,0.1,91.94,20.26
ORD-100062,2025-09-27,West,Electronics,Wireless Earbuds,Diya,72,157.02,0.0,11305.17,4065.26
ORD-100063,2025-09-13,East,Grocery,Pasta,Meera,20,21.48,0.0,429.61,170.79
ORD-100064,2025-11-20,North,Personal Care,Shampoo,Kabir,54,9.52,0.0,514.08,158.1
ORD-100065,2025-03-10,East,Grocery,Cooking Oil,Meera,48,14.06,0.0,674.76,283.0
ORD-100066,2025-01-07,South,Grocery,Cooking Oil,Kabir,70,11.39,0.15,677.7,277.5
ORD-100067,2025-07-24,West,Electronics,Smart Watch,Kabir,43,113.7,0.0,4889.13,2118.79
ORD-100068,2025-11-16,South,Beverages,Orange Juice,Rohan,21,9.84,0.1,185.94,38.9
ORD-100069,2025-04-08,North,Personal Care,Shampoo,Rohan,45,14.28,0.0,642.6,123.42
ORD-100070,2025-02-07,North,Beverages,Green Tea,Aarav,46,6.55,0.0,301.35,139.18
ORD-100071,2025-11-24,North,Personal Care,Toothpaste,Diya,25,5.47,0.0,136.64,44.76
ORD-100072,2025-06-28,South,Home & Kitchen,Cookware Set,Rohan,44,55.31,0.1,2190.33,901.37
ORD-100073,2025-09-29,West,Electronics,Smart Watch,Sara,5,133.27,0.15,566.41,270.3
ORD-100074,2025-03-10,North,Beverages,Green Tea,Meera,57,4.42,0.15,213.97,62.96
ORD-100075,2025-06-17,West,Beverages,Mineral Water,Aarav,68,4.54,0.0,308.9,72.92
ORD-100076,2025-04-27,West,Beverages,Orange Juice,Diya,25,6.14,0.0,153.51,66.06
ORD-100077,2025-08-29,East,Personal Care,Face Wash,Rohan,59,5.77,0.1,306.52,131.23
ORD-100078,2025-07-05,West,Electronics,Wireless Earbuds,Aarav,74,112.71,0.05,7923.62,2325.28
ORD-100079,2025-03-08,North,Electronics,Smart Watch,Sara,48,125.51,0.0,6024.32,1312.3
ORD-100080,2025-04-03,East,Beverages,Orange Juice,Kabir,42,8.78,0.0,368.6,120.03
ORD-100081,2025-12-11,West,Beverages,Coffee,Diya,42,6.08,0.0,255.34,48.91
ORD-100082,2025-03-07,North,Grocery,Biscuits,Sara,78,14.51,0.05,1075.1,276.82
ORD-100083,2025-08-27,West,Personal Care,Toothpaste,Kabir,46,20.56,0.0,945.67,242.96
ORD-100084,2025-01-09,West,Grocery,Pasta,Rohan,64,21.17,0.0,1355.05,405.79
ORD-100085,2025-07-30,South,Grocery,Rice,Rohan,17,24.59,0.0,418.04,80.9
ORD-100086,2025-03-30,North,Home & Kitchen,Air Fryer,Sara,47,38.22,0.0,1796.38,837.92
ORD-100087,2025-01-04,West,Home & Kitchen,Mixer Grinder,Aarav,52,46.55,0.15,2057.71,431.11
ORD-100088,2025-12-26,West,Electronics,Power Bank,Aarav,47,67.32,0.05,3006.0,953.78
ORD-100089,2025-07-10,North,Beverages,Coffee,Aarav,14,10.52,0.0,147.27,37.11
ORD-100090,2025-10-09,North,Personal Care,Toothpaste,Aarav,33,21.62,0.0,713.54,246.2
ORD-100091,2025-03-09,East,Electronics,Wireless Earbuds,Aarav,68,72.97,0.0,4961.97,982.44
ORD-100092,2025-11-21,West,Electronics,Bluetooth Speaker,Kabir,24,104.92,0.2,2014.54,675.66
ORD-100093,2025-11-01,North,Grocery,Pasta,Aarav,45,32.26,0.0,1451.52,431.92
ORD-100094,2025-06-19,South,Home & Kitchen,Storage Box,Diya,53,107.7,0.15,4851.97,1832.03
ORD-100095,2025-07-24,South,Beverages,Green Tea,Rohan,63,8.23,0.0,518.31,149.43
ORD-100096,2025-01-01,West,Electronics,Smart Watch,Aarav,70,38.9,0.15,2314.72,889.44
ORD-100097,2025-06-01,South,Personal Care,Face Wash,Meera,53,10.54,0.1,502.74,113.72
ORD-100098,2025-01-15,South,Electronics,Power Bank,Rohan,60,104.09,0.0,6245.34,1614.09
ORD-100099,2025-05-24,East,Home & Kitchen,Mixer Grinder,Diya,58,67.41,0.0,3909.93,1360.6
ORD-100100,2025-02-15,North,Electronics,Bluetooth Speaker,Meera,12,21.2,0.15,216.27,87.8
ORD-100101,2025-11-30,North,Personal Care,Toothpaste,Rohan,23,23.03,0.05,503.15,135.64
ORD-100102,2025-12-14,East,Personal Care,Face Wash,Meera,26,18.08,0.0,470.06,102.22
ORD-100103,2025-12-18,South,Personal Care,Shampoo,Kabir,75,13.78,0.0,1033.21,420.25
ORD-100104,2025-11-30,West,Electronics,Power Bank,Sara,75,141.88,0.0,10640.71,3049.14
ORD-100105,2025-08-20,North,Electronics,Smart Watch,Kabir,47,53.45,0.0,2512.37,952.59
ORD-100106,2025-10-19,West,Electronics,Wireless Earbuds,Rohan,56,81.19,0.0,4546.65,1337.17
ORD-100107,2025-11-17,West,Grocery,Cooking Oil,Meera,7,23.89,0.0,167.26,38.51
ORD-100108,2025-03-06,South,Home & Kitchen,Storage Box,Meera,21,139.01,0.0,2919.11,763.78
ORD-100109,2025-02-13,South,Grocery,Pasta,Sara,37,27.99,0.15,880.17,205.63
ORD-100110,2025-06-02,South,Electronics,Bluetooth Speaker,Rohan,57,162.67,0.0,9272.25,2965.71
ORD-100111,2025-04-13,North,Beverages,Green Tea,Aarav,2,6.36,0.0,12.73,5.55
ORD-100112,2025-11-11,West,Home & Kitchen,Storage Box,Rohan,37,107.22,0.05,3768.94,960.78
ORD-100113,2025-09-18,South,Home & Kitchen,Cookware Set,Aarav,19,29.86,0.0,567.41,132.24
ORD-100114,2025-05-26,West,Grocery,Rice,Meera,79,30.8,0.0,2433.54,1006.9
ORD-100115,2025-06-22,South,Personal Care,Face Wash,Kabir,59,18.63,0.0,1099.27,329.27
ORD-100116,2025-06-27,North,Electronics,Smart Watch,Rohan,22,108.92,0.0,2396.2,744.67
ORD-100117,2025-08-22,North,Personal Care,Face Wash,Sara,2,6.78,0.05,12.89,4.35
ORD-100118,2025-12-08,North,Electronics,Wireless Earbuds,Meera,38,128.08,0.0,4867.17,2079.05
ORD-100119,2025-01-29,West,Beverages,Green Tea,Aarav,26,5.61,0.0,145.8,31.13
ORD-100120,2025-12-06,North,Personal Care,Shampoo,Aarav,5,19.59,0.05,93.07,16.85
ORD-100121,2025-06-11,South,Beverages,Green Tea,Diya,27,11.49,0.05,294.62,97.78
ORD-100122,2025-12-21,South,Grocery,Pasta,Meera,63,30.58,0.05,1830.37,681.63
ORD-100123,2025-09-01,South,Home & Kitchen,Air Fryer,Diya,51,63.94,0.05,3097.72,1057.73
ORD-100124,2025-08-29,East,Electronics,Smart Watch,Kabir,77,33.33,0.0,2566.54,798.7
ORD-100125,2025-10-04,North,Personal Care,Body Lotion,Sara,66,4.16,0.0,274.34,55.64
ORD-100126,2025-07-31,North,Personal Care,Shampoo,Rohan,74,21.75,0.05,1528.83,731.33
ORD-100127,2025-07-27,South,Personal Care,Toothpaste,Diya,70,6.53,0.05,434.44,138.61
ORD-100128,2025-12-19,West,Personal Care,Toothpaste,Diya,68,5.22,0.05,337.49,104.85
ORD-100129,2025-08-21,East,Grocery,Biscuits,Rohan,35,29.64,0.0,1037.56,403.47
ORD-100130,2025-11-16,North,Grocery,Cooking Oil,Kabir,41,22.42,0.0,919.12,313.86
ORD-100131,2025-12-17,North,Home & Kitchen,Cookware Set,Diya,12,27.1,0.1,292.7,54.93
ORD-100132,2025-01-30,East,Grocery,Biscuits,Meera,70,34.79,0.2,1948.06,911.46
ORD-100133,2025-03-16,South,Personal Care,Body Lotion,Rohan,72,5.59,0.15,341.81,148.1
ORD-100134,2025-07-15,West,Grocery,Cooking Oil,Kabir,57,8.25,0.0,470.19,89.66
ORD-100135,2025-03-14,West,Beverages,Green Tea,Kabir,57,10.3,0.1,528.4,167.13
ORD-100136,2025-07-18,West,Electronics,Power Bank,Rohan,36,91.94,0.0,3309.75,1511.79
ORD-100137,2025-07-27,South,Personal Care,Shampoo,Meera,74,7.53,0.0,557.07,181.2
ORD-100138,2025-12-08,West,Beverages,Green Tea,Aarav,45,3.54,0.05,151.16,44.17
ORD-100139,2025-10-18,West,Electronics,Power Bank,Sara,50,171.71,0.0,8585.63,1685.29
ORD-100140,2025-05-19,West,Beverages,Orange Juice,Diya,34,5.21,0.1,159.35,68.42
ORD-100141,2025-09-19,North,Grocery,Biscuits,Sara,10,34.83,0.05,330.88,111.38
ORD-100142,2025-06-03,North,Personal Care,Body Lotion,Diya,20,13.32,0.05,253.04,116.88
ORD-100143,2025-10-20,East,Grocery,Cooking Oil,Sara,62,13.47,0.1,751.81,209.34
ORD-100144,2025-12-17,South,Home & Kitchen,Cookware Set,Rohan,51,72.46,0.0,3695.65,1553.74
ORD-100145,2025-05-17,West,Personal Care,Shampoo,Diya,71,6.4,0.0,454.21,145.88
ORD-100146,2025-11-19,West,Beverages,Orange Juice,Diya,67,5.58,0.0,373.65,117.67
ORD-100147,2025-10-30,North,Personal Care,Face Wash,Diya,39,12.86,0.0,501.59,186.47
ORD-100148,2025-03-06,South,Electronics,Smart Watch,Diya,58,68.84,0.0,3992.9,1474.25
ORD-100149,2025-11-25,West,Electronics,Wireless Earbuds,Meera,74,122.17,0.15,7684.23,1593.84
ORD-100150,2025-10-16,South,Personal Care,Shampoo,Aarav,57,15.5,0.15,750.96,335.98
ORD-100151,2025-09-18,West,Electronics,Wireless Earbuds,Meera,68,159.41,0.0,10840.0,3231.51
ORD-100152,2025-12-09,South,Grocery,Cooking Oil,Diya,49,15.3,0.15,637.04,175.57
ORD-100153,2025-09-02,North,Beverages,Green Tea,Kabir,65,4.65,0.0,302.06,119.96
ORD-100154,2025-12-19,North,Beverages,Coffee,Kabir,78,4.53,0.0,353.37,169.16
ORD-100155,2025-07-28,West,Home & Kitchen,Air Fryer,Diya,5,116.24,0.1,523.09,192.78
ORD-100156,2025-03-10,North,Home & Kitchen,Cookware Set,Kabir,35,101.3,0.0,3545.51,719.72
ORD-100157,2025-01-27,East,Electronics,Wireless Earbuds,Diya,60,93.85,0.0,5631.21,1358.15
ORD-100158,2025-11-28,West,Personal Care,Face Wash,Diya,48,11.85,0.15,483.28,174.1
ORD-100159,2025-04-04,North,Beverages,Mineral Water,Sara,51,9.83,0.0,501.28,233.01
ORD-100160,2025-11-13,South,Beverages,Orange Juice,Rohan,43,3.28,0.15,119.99,38.61
ORD-100161,2025-12-26,West,Personal Care,Shampoo,Rohan,60,14.06,0.05,801.6,289.75
ORD-100162,2025-10-15,West,Personal Care,Shampoo,Rohan,62,20.5,0.1,1143.63,234.03
ORD-100163,2025-02-27,South,Grocery,Pasta,Meera,51,30.89,0.0,1575.53,383.9
ORD-100164,2025-05-20,West,Home & Kitchen,Air Fryer,Diya,62,90.8,0.0,5629.31,2330.27
ORD-100165,2025-12-02,East,Personal Care,Body Lotion,Kabir,40,3.68,0.15,125.11,58.14
ORD-100166,2025-10-01,North,Home & Kitchen,Air Fryer,Rohan,19,81.41,0.0,1546.82,729.86
ORD-100167,2025-05-05,East,Grocery,Rice,Sara,51,23.13,0.0,1179.86,252.0
ORD-100168,2025-10-24,South,Grocery,Cooking Oil,Aarav,12,7.58,0.0,90.98,41.21
ORD-100169,2025-03-10,North,Beverages,Green Tea,Diya,79,2.74,0.05,205.68,44.29
ORD-100170,2025-08-22,East,Grocery,Cooking Oil,Kabir,34,10.6,0.0,360.51,146.4
ORD-100171,2025-10-19,South,Grocery,Biscuits,Aarav,55,9.15,0.1,452.85,93.77
ORD-100172,2025-04-18,East,Electronics,Smart Watch,Meera,28,116.87,0.1,2945.23,810.6
ORD-100173,2025-08-11,South,Beverages,Green Tea,Aarav,33,2.87,0.1,85.15,26.93
ORD-100174,2025-10-05,South,Home & Kitchen,Cookware Set,Meera,8,81.08,0.0,648.66,211.01
ORD-100175,2025-09-02,West,Home & Kitchen,Cookware Set,Meera,40,71.32,0.0,2852.88,1368.9
ORD-100176,2025-06-07,West,Home & Kitchen,Storage Box,Aarav,57,132.63,0.0,7560.17,2173.79
ORD-100177,2025-04-23,West,Home & Kitchen,Mixer Grinder,Kabir,19,109.51,0.0,2080.72,819.66
ORD-100178,2025-04-02,North,Personal Care,Body Lotion,Sara,60,21.92,0.0,1315.16,422.74
ORD-100179,2025-09-01,South,Grocery,Biscuits,Aarav,36,10.88,0.0,391.73,123.71
ORD-100180,2025-07-24,South,Home & Kitchen,Storage Box,Kabir,34,56.33,0.15,1628.07,563.5
ORD-100181,2025-01-21,West,Electronics,Power Bank,Sara,45,69.25,0.0,3116.28,1444.46
ORD-100182,2025-08-01,North,Beverages,Mineral Water,Aarav,10,8.07,0.15,68.56,32.68
ORD-100183,2025-07-20,West,Beverages,Coffee,Meera,44,3.5,0.2,123.22,40.88
ORD-100184,2025-04-20,South,Personal Care,Face Wash,Diya,59,3.41,0.05,190.88,56.67
ORD-100185,2025-08-19,West,Personal Care,Shampoo,Aarav,57,8.4,0.0,478.94,164.53
ORD-100186,2025-06-01,North,Beverages,Mineral Water,Sara,46,4.01,0.0,184.62,46.36
ORD-100187,2025-09-19,West,Grocery,Rice,Meera,77,22.29,0.0,1716.05,529.31
ORD-100188,2025-02-26,East,Personal Care,Shampoo,Rohan,56,9.87,0.1,497.38,183.68
ORD-100189,2025-12-21,North,Beverages,Orange Juice,Meera,38,11.43,0.15,369.05,150.38
ORD-100190,2025-08-14,West,Beverages,Coffee,Rohan,9,11.87,0.0,106.86,36.06
ORD-100191,2025-10-03,South,Personal Care,Body Lotion,Kabir,28,12.82,0.1,323.08,143.85
ORD-100192,2025-11-20,South,Electronics,Wireless Earbuds,Aarav,23,25.67,0.0,590.51,190.99
ORD-100193,2025-04-09,North,Electronics,Bluetooth Speaker,Rohan,49,123.52,0.05,5749.68,2080.11
ORD-100194,2025-10-23,South,Grocery,Cooking Oil,Meera,18,5.31,0.1,86.01,16.97
ORD-100195,2025-04-29,East,Beverages,Green Tea,Sara,61,4.85,0.0,295.73,102.48
ORD-100196,2025-07-19,North,Personal Care,Face Wash,Sara,9,10.13,0.2,72.9,24.61
ORD-100197,2025-01-07,North,Beverages,Orange Juice,Sara,75,4.66,0.05,331.89,62.61
ORD-100198,2025-04-05,South,Personal Care,Toothpaste,Kabir,14,14.68,0.0,205.46,80.04
ORD-100199,2025-03-14,South,Beverages,Orange Juice,Kabir,17,8.8,0.0,149.61,39.64
ORD-100200,2025-06-20,South,Beverages,Mineral Water,Meera,6,4.14,0.0,24.83,10.14
ORD-100201,2025-09-05,North,Personal Care,Face Wash,Aarav,64,18.7,0.0,1196.73,515.96
ORD-100202,2025-07-09,East,Personal Care,Shampoo,Meera,37,3.87,0.0,143.2,56.97
ORD-100203,2025-10-28,South,Beverages,Coffee,Diya,17,5.79,0.0,98.37,41.25
ORD-100204,2025-10-04,West,Electronics,Power Bank,Meera,5,68.96,0.15,293.09,102.49
ORD-100205,2025-02-14,West,Personal Care,Toothpaste,Rohan,26,19.94,0.1,466.64,219.2
ORD-100206,2025-10-09,West,Grocery,Cooking Oil,Sara,42,16.79,0.0,705.23,255.42
ORD-100207,2025-11-07,West,Home & Kitchen,Mixer Grinder,Aarav,23,55.98,0.0,1287.45,423.82
ORD-100208,2025-02-25,South,Personal Care,Body Lotion,Kabir,44,20.26,0.15,757.87,331.47
ORD-100209,2025-12-05,North,Home & Kitchen,Mixer Grinder,Kabir,65,131.2,0.1,7675.19,3548.59
ORD-100210,2025-08-07,West,Beverages,Green Tea,Meera,41,4.59,0.0,188.01,72.01
ORD-100211,2025-02-14,East,Home & Kitchen,Cookware Set,Sara,36,139.97,0.05,4786.99,973.16
ORD-100212,2025-02-02,North,Home & Kitchen,Air Fryer,Sara,53,71.56,0.15,3223.61,1302.36
ORD-100213,2025-06-24,North,Personal Care,Body Lotion,Kabir,5,5.07,0.1,22.81,4.95
ORD-100214,2025-02-19,South,Grocery,Pasta,Meera,69,14.74,0.0,1016.74,408.15
ORD-100215,2025-04-23,South,Personal Care,Shampoo,Sara,28,15.93,0.05,423.61,87.71
ORD-100216,2025-10-17,North,Personal Care,Face Wash,Rohan,79,15.36,0.1,1092.39,357.97
ORD-100217,2025-01-30,West,Personal Care,Body Lotion,Aarav,51,22.12,0.05,1071.68,444.87
ORD-100218,2025-11-11,East,Home & Kitchen,Cookware Set,Diya,3,40.54,0.1,109.47,45.98
ORD-100219,2025-04-11,West,Electronics,Wireless Earbuds,Sara,57,67.84,0.0,3866.64,1850.35
ORD-100220,2025-09-24,West,Electronics,Power Bank,Kabir,18,88.65,0.05,1515.98,319.21
ORD-100221,2025-08-14,North,Grocery,Pasta,Sara,32,27.21,0.05,827.32,168.96
ORD-100222,2025-01-12,North,Beverages,Coffee,Aarav,60,4.63,0.05,263.76,80.68
ORD-100223,2025-02-26,West,Electronics,Smart Watch,Rohan,12,129.74,0.0,1556.9,667.76
ORD-100224,2025-01-26,East,Grocery,Pasta,Rohan,2,2.78,0.0,5.57,1.25
ORD-100225,2025-09-26,East,Electronics,Power Bank,Diya,35,97.2,0.15,2891.74,1343.14
ORD-100226,2025-06-24,West,Beverages,Orange Juice,Rohan,73,4.63,0.0,338.22,131.35
ORD-100227,2025-10-07,South,Electronics,Wireless Earbuds,Meera,13,115.54,0.0,1502.06,653.13
ORD-100228,2025-01-04,North,Electronics,Power Bank,Sara,15,139.19,0.0,2087.81,995.3
ORD-100229,2025-04-22,West,Home & Kitchen,Air Fryer,Kabir,22,84.41,0.1,1671.26,354.7
ORD-100230,2025-10-22,North,Home & Kitchen,Storage Box,Diya,60,100.24,0.05,5713.51,1907.54
ORD-100231,2025-05-08,North,Beverages,Mineral Water,Sara,43,2.67,0.0,114.97,24.13
ORD-100232,2025-09-22,North,Beverages,Orange Juice,Meera,67,9.57,0.1,577.28,111.36
ORD-100233,2025-01-22,East,Home & Kitchen,Cookware Set,Aarav,36,35.05,0.05,1198.66,369.82
ORD-100234,2025-01-18,South,Grocery,Cooking Oil,Meera,61,22.62,0.05,1310.66,390.76
ORD-100235,2025-10-11,South,Beverages,Mineral Water,Kabir,43,10.73,0.1,415.24,96.24
ORD-100236,2025-08-05,East,Electronics,Smart Watch,Kabir,58,135.18,0.0,7840.32,3309.34
ORD-100237,2025-02-28,West,Electronics,Smart Watch,Meera,41,35.13,0.1,1296.35,310.07
ORD-100238,2025-02-10,East,Grocery,Biscuits,Kabir,16,20.22,0.0,323.59,75.77
ORD-100239,2025-09-05,North,Home & Kitchen,Storage Box,Rohan,55,49.65,0.15,2321.13,743.4
ORD-100240,2025-08-23,South,Personal Care,Face Wash,Aarav,70,6.21,0.05,412.85,171.52
ORD-100241,2025-05-09,East,Beverages,Mineral Water,Meera,30,8.26,0.1,223.06,64.82
ORD-100242,2025-08-15,East,Home & Kitchen,Storage Box,Aarav,43,112.68,0.05,4603.11,1509.1
ORD-100243,2025-01-01,South,Home & Kitchen,Air Fryer,Diya,21,136.24,0.0,2861.07,906.98
ORD-100244,2025-07-02,East,Personal Care,Toothpaste,Diya,27,13.2,0.05,338.63,93.63
ORD-100245,2025-02-12,East,Personal Care,Body Lotion,Meera,49,17.41,0.0,853.09,266.78
ORD-100246,2025-10-02,West,Electronics,Bluetooth Speaker,Meera,14,157.15,0.15,1870.12,854.6
ORD-100247,2025-09-21,North,Beverages,Orange Juice,Sara,36,5.34,0.15,163.51,46.47
ORD-100248,2025-02-15,South,Personal Care,Toothpaste,Aarav,40,12.05,0.05,457.77,116.26
ORD-100249,2025-06-29,North,Beverages,Coffee,Aarav,49,4.33,0.05,201.35,49.96
ORD-100250,2025-04-09,South,Electronics,Wireless Earbuds,Sara,31,164.15,0.15,4325.31,1334.95
ORD-100251,2025-02-24,East,Home & Kitchen,Cookware Set,Diya,28,25.3,0.05,673.07,217.88
ORD-100252,2025-06-06,South,Personal Care,Shampoo,Rohan,21,15.65,0.0,328.59,70.82
ORD-100253,2025-05-04,West,Personal Care,Shampoo,Diya,53,20.91,0.05,1052.63,212.54
ORD-100254,2025-05-24,East,Home & Kitchen,Mixer Grinder,Diya,61,64.26,0.1,3527.9,745.98
ORD-100255,2025-08-10,East,Beverages,Coffee,Rohan,38,8.14,0.05,293.96,99.46
ORD-100256,2025-10-26,West,Beverages,Coffee,Rohan,53,10.54,0.0,558.43,155.57
ORD-100257,2025-03-04,East,Electronics,Wireless Earbuds,Sara,75,159.87,0.1,10791.2,5075.7
ORD-100258,2025-05-24,West,Grocery,Cooking Oil,Meera,54,31.45,0.0,1698.41,728.42
ORD-100259,2025-07-23,West,Personal Care,Shampoo,Kabir,21,7.98,0.2,134.08,63.87
ORD-100260,2025-07-23,East,Grocery,Biscuits,Kabir,21,6.51,0.0,136.71,29.0
ORD-100261,2025-11-25,South,Beverages,Green Tea,Sara,45,5.34,0.1,216.31,66.5
ORD-100262,2025-02-03,West,Home & Kitchen,Mixer Grinder,Rohan,18,40.78,0.0,734.11,302.75
ORD-100263,2025-01-13,West,Personal Care,Shampoo,Rohan,8,18.37,0.05,139.57,39.66
ORD-100264,2025-12-02,North,Home & Kitchen,Cookware Set,Aarav,4,99.42,0.0,397.67,95.5
ORD-100265,2025-03-21,North,Grocery,Rice,Aarav,60,6.46,0.0,387.74,174.1
ORD-100266,2025-08-21,South,Electronics,Wireless Earbuds,Rohan,61,105.35,0.0,6426.06,1658.25
ORD-100267,2025-03-23,West,Grocery,Rice,Kabir,47,34.94,0.05,1560.14,720.17
ORD-100268,2025-08-06,North,Electronics,Wireless Earbuds,Diya,51,47.78,0.1,2192.96,1026.34
ORD-100269,2025-06-12,East,Beverages,Orange Juice,Sara,24,7.97,0.0,191.21,36.95
ORD-100270,2025-12-24,East,Beverages,Coffee,Diya,21,10.13,0.1,191.37,52.6
ORD-100271,2025-05-09,East,Personal Care,Face Wash,Kabir,23,12.53,0.0,288.1,120.19
ORD-100272,2025-08-03,North,Home & Kitchen,Mixer Grinder,Rohan,7,68.91,0.1,434.16,86.02
ORD-100273,2025-06-19,South,Personal Care,Shampoo,Sara,60,9.99,0.0,599.39,265.44
ORD-100274,2025-05-30,East,Electronics,Power Bank,Aarav,19,92.15,0.0,1750.91,696.21
ORD-100275,2025-02-22,East,Home & Kitchen,Storage Box,Kabir,2,83.71,0.0,167.42,79.14
ORD-100276,2025-12-10,North,Personal Care,Shampoo,Aarav,17,24.71,0.2,336.02,140.72
ORD-100277,2025-11-13,South,Personal Care,Shampoo,Kabir,31,11.34,0.2,281.25,130.14
ORD-100278,2025-12-03,East,Personal Care,Body Lotion,Aarav,70,6.41,0.15,381.38,179.12
ORD-100279,2025-04-12,West,Personal Care,Body Lotion,Kabir,2,15.98,0.05,30.35,11.24
ORD-100280,2025-09-12,East,Home & Kitchen,Mixer Grinder,Meera,73,73.97,0.0,5400.1,2573.93
ORD-100281,2025-02-26,North,Grocery,Rice,Sara,65,28.35,0.2,1473.97,320.46
ORD-100282,2025-02-26,West,Beverages,Green Tea,Sara,38,7.18,0.15,231.87,55.84
ORD-100283,2025-08-28,North,Grocery,Cooking Oil,Diya,48,20.94,0.0,1004.97,340.95
ORD-100284,2025-08-26,North,Electronics,Power Bank,Meera,74,123.93,0.05,8712.47,3454.8
ORD-100285,2025-09-29,East,Beverages,Green Tea,Aarav,7,4.41,0.1,27.8,6.49
ORD-100286,2025-04-23,East,Grocery,Cooking Oil,Kabir,5,29.36,0.05,139.48,56.7
ORD-100287,2025-04-13,North,Personal Care,Face Wash,Kabir,62,19.52,0.15,1028.62,258.57
ORD-100288,2025-09-12,South,Grocery,Cooking Oil,Sara,62,26.5,0.05,1560.67,481.9
ORD-100289,2025-03-05,North,Electronics,Smart Watch,Aarav,22,115.59,0.0,2543.01,1045.1
ORD-100290,2025-12-26,East,Personal Care,Body Lotion,Aarav,73,23.33,0.0,1703.39,434.61
ORD-100291,2025-03-18,South,Grocery,Pasta,Sara,52,23.4,0.1,1095.07,323.72
ORD-100292,2025-06-30,East,Beverages,Green Tea,Diya,67,4.7,0.0,314.83,108.99
ORD-100293,2025-11-30,North,Home & Kitchen,Mixer Grinder,Meera,59,135.5,0.15,6795.41,1413.16
ORD-100294,2025-05-04,East,Beverages,Orange Juice,Diya,62,4.22,0.0,261.61,109.46
ORD-100295,2025-06-19,East,Home & Kitchen,Air Fryer,Diya,73,121.28,0.0,8853.64,4027.8
ORD-100296,2025-05-23,North,Beverages,Green Tea,Sara,75,3.95,0.0,296.56,84.84
ORD-100297,2025-06-10,West,Beverages,Coffee,Rohan,25,4.55,0.0,113.8,31.64
ORD-100298,2025-04-09,South,Personal Care,Shampoo,Diya,73,7.25,0.0,528.97,144.58
ORD-100299,2025-09-25,South,Grocery,Rice,Aarav,72,29.82,0.0,2147.11,530.18
ORD-100300,2025-05-18,South,Home & Kitchen,Mixer Grinder,Sara,38,94.94,0.15,3066.46,1302.82
ORD-100301,2025-05-03,East,Beverages,Coffee,Rohan,29,3.24,0.15,79.81,30.84
ORD-100302,2025-12-25,West,Grocery,Rice,Rohan,6,4.53,0.05,25.81,4.75
ORD-100303,2025-08-29,East,Personal Care,Body Lotion,Rohan,78,11.02,0.05,816.8,162.46
ORD-100304,2025-04-04,South,Grocery,Rice,Aarav,4,11.51,0.0,46.06,21.74
ORD-100305,2025-03-31,East,Home & Kitchen,Mixer Grinder,Rohan,52,26.76,0.1,1252.49,254.48
ORD-100306,2025-12-01,East,Home & Kitchen,Air Fryer,Kabir,68,28.69,0.1,1755.58,426.26
ORD-100307,2025-12-22,North,Home & Kitchen,Air Fryer,Diya,60,50.07,0.1,2703.97,681.46
ORD-100308,2025-09-11,North,Personal Care,Toothpaste,Rohan,78,12.67,0.05,938.52,422.35
ORD-100309,2025-07-07,North,Beverages,Coffee,Aarav,76,4.85,0.15,313.22,122.16
ORD-100310,2025-02-11,East,Electronics,Smart Watch,Rohan,23,94.56,0.05,2066.07,968.59
ORD-100311,2025-04-11,North,Grocery,Biscuits,Aarav,26,4.37,0.05,107.9,40.83
ORD-100312,2025-03-25,North,Grocery,Biscuits,Sara,28,25.43,0.1,640.77,149.98
ORD-100313,2025-03-07,East,Home & Kitchen,Mixer Grinder,Aarav,27,19.2,0.0,518.43,149.51
ORD-100314,2025-08-18,South,Beverages,Green Tea,Kabir,12,5.53,0.2,53.06,13.43
ORD-100315,2025-12-16,South,Home & Kitchen,Mixer Grinder,Diya,4,46.99,0.0,187.97,86.74
ORD-100316,2025-01-10,East,Electronics,Wireless Earbuds,Sara,11,106.46,0.1,1053.96,473.72
ORD-100317,2025-02-05,South,Beverages,Coffee,Sara,2,6.34,0.0,12.68,2.86
ORD-100318,2025-07-04,North,Beverages,Mineral Water,Diya,39,2.26,0.15,74.99,29.42
ORD-100319,2025-11-26,South,Home & Kitchen,Storage Box,Diya,66,77.87,0.05,4882.72,1210.16
ORD-100320,2025-05-24,North,Home & Kitchen,Mixer Grinder,Aarav,71,59.54,0.1,3804.59,1064.95
ORD-100321,2025-11-11,South,Electronics,Smart Watch,Aarav,47,68.98,0.0,3242.13,1127.25
ORD-100322,2025-11-22,North,Grocery,Biscuits,Aarav,2,17.01,0.2,27.22,10.72
ORD-100323,2025-02-20,West,Grocery,Cooking Oil,Kabir,45,16.5,0.0,742.32,325.52
ORD-100324,2025-09-13,West,Personal Care,Shampoo,Rohan,21,18.22,0.0,382.68,87.89
ORD-100325,2025-06-10,West,Home & Kitchen,Mixer Grinder,Meera,70,46.46,0.1,2927.22,1287.41
ORD-100326,2025-07-06,North,Home & Kitchen,Cookware Set,Diya,50,22.16,0.0,1108.14,312.83
ORD-100327,2025-02-10,North,Home & Kitchen,Cookware Set,Kabir,43,130.54,0.05,5332.41,984.46
ORD-100328,2025-04-01,North,Beverages,Orange Juice,Diya,79,5.22,0.0,412.65,152.97
ORD-100329,2025-02-07,South,Grocery,Rice,Aarav,54,20.45,0.0,1104.57,518.57
ORD-100330,2025-12-28,West,Electronics,Power Bank,Sara,17,146.28,0.0,2486.75,633.13
ORD-100331,2025-02-03,East,Personal Care,Face Wash,Rohan,25,12.84,0.0,320.92,100.83
ORD-100332,2025-06-07,West,Home & Kitchen,Air Fryer,Sara,15,103.16,0.1,1392.6,355.23
ORD-100333,2025-03-21,West,Personal Care,Toothpaste,Diya,18,21.83,0.0,392.96,92.38
ORD-100334,2025-09-19,West,Electronics,Smart Watch,Sara,34,110.42,0.05,3566.64,1180.67
ORD-100335,2025-06-06,East,Grocery,Pasta,Sara,23,32.32,0.1,669.11,198.84
ORD-100336,2025-03-04,East,Grocery,Biscuits,Meera,43,16.27,0.0,699.47,303.53
ORD-100337,2025-05-19,South,Grocery,Pasta,Rohan,5,28.25,0.0,141.23,42.7
ORD-100338,2025-02-26,South,Electronics,Power Bank,Meera,59,54.49,0.2,2571.94,1146.23
ORD-100339,2025-03-31,West,Grocery,Cooking Oil,Kabir,45,18.44,0.15,705.45,206.83
ORD-100340,2025-07-07,East,Personal Care,Body Lotion,Sara,7,21.94,0.15,130.52,50.64
ORD-100341,2025-03-07,North,Personal Care,Shampoo,Aarav,25,21.04,0.1,473.45,216.79
ORD-100342,2025-10-07,West,Personal Care,Face Wash,Rohan,47,13.65,0.0,641.68,153.26
ORD-100343,2025-01-23,West,Electronics,Smart Watch,Diya,8,179.62,0.0,1436.99,566.1
ORD-100344,2025-02-17,South,Grocery,Rice,Sara,36,9.45,0.1,306.2,116.89
ORD-100345,2025-07-08,West,Personal Care,Toothpaste,Rohan,48,10.05,0.05,458.41,181.87
ORD-100346,2025-06-14,West,Home & Kitchen,Storage Box,Meera,28,95.34,0.2,2135.64,641.42
ORD-100347,2025-10-10,East,Home & Kitchen,Cookware Set,Meera,6,115.57,0.0,693.41,163.12
ORD-100348,2025-03-06,North,Personal Care,Toothpaste,Kabir,23,9.54,0.0,219.45,91.96
ORD-100349,2025-10-06,North,Electronics,Bluetooth Speaker,Kabir,14,160.47,0.15,1909.64,527.38
ORD-100350,2025-03-29,South,Electronics,Wireless Earbuds,Aarav,28,111.28,0.0,3115.93,756.54
ORD-100351,2025-10-14,South,Grocery,Biscuits,Rohan,46,16.05,0.05,701.32,297.82
ORD-100352,2025-02-04,South,Electronics,Power Bank,Meera,49,24.3,0.1,1071.78,378.26
ORD-100353,2025-04-14,North,Electronics,Smart Watch,Meera,3,161.1,0.0,483.31,209.79
ORD-100354,2025-05-01,East,Grocery,Pasta,Rohan,70,30.12,0.15,1792.25,467.63
ORD-100355,2025-05-30,West,Grocery,Cooking Oil,Meera,39,29.05,0.1,1019.69,195.2
ORD-100356,2025-04-01,East,Beverages,Mineral Water,Sara,44,11.07,0.0,487.04,127.89
ORD-100357,2025-12-17,South,Personal Care,Body Lotion,Rohan,18,4.98,0.0,89.69,19.47
ORD-100358,2025-04-23,North,Grocery,Rice,Meera,60,10.63,0.0,638.08,128.67
ORD-100359,2025-03-28,West,Beverages,Coffee,Diya,27,2.88,0.0,77.87,21.91
ORD-100360,2025-08-19,West,Electronics,Power Bank,Rohan,33,146.37,0.1,4347.27,832.29
ORD-100361,2025-08-30,West,Beverages,Coffee,Aarav,74,4.26,0.0,315.38,85.33
ORD-100362,2025-03-22,South,Beverages,Green Tea,Aarav,66,7.62,0.0,503.14,239.16
ORD-100363,2025-04-10,South,Electronics,Bluetooth Speaker,Sara,15,43.51,0.1,587.34,181.88
ORD-100364,2025-02-20,East,Electronics,Wireless Earbuds,Kabir,58,87.31,0.1,4557.37,1329.27
ORD-100365,2025-02-09,North,Home & Kitchen,Storage Box,Rohan,58,55.98,0.05,3084.51,905.99
ORD-100366,2025-06-01,South,Electronics,Smart Watch,Kabir,8,24.47,0.05,185.97,52.85
ORD-100367,2025-01-26,West,Personal Care,Toothpaste,Sara,41,9.23,0.0,378.54,140.05
ORD-100368,2025-05-23,East,Electronics,Wireless Earbuds,Rohan,31,132.41,0.1,3694.28,1392.33
ORD-100369,2025-03-22,South,Grocery,Pasta,Meera,45,8.72,0.0,392.48,174.28
ORD-100370,2025-12-31,South,Electronics,Wireless Earbuds,Sara,14,85.81,0.05,1141.28,214.18
ORD-100371,2025-03-24,West,Beverages,Green Tea,Sara,68,11.29,0.05,729.29,147.76
ORD-100372,2025-08-15,South,Beverages,Coffee,Aarav,69,3.92,0.0,270.7,75.65
ORD-100373,2025-02-05,West,Grocery,Cooking Oil,Kabir,44,14.75,0.0,649.01,252.16
ORD-100374,2025-07-09,East,Electronics,Bluetooth Speaker,Kabir,62,158.43,0.05,9331.43,2976.87
ORD-100375,2025-09-30,North,Grocery,Rice,Diya,72,18.4,0.0,1325.09,499.82
ORD-100376,2025-08-25,South,Personal Care,Shampoo,Aarav,30,6.91,0.0,207.36,93.86
ORD-100377,2025-11-13,South,Grocery,Rice,Rohan,35,21.58,0.2,604.25,118.39
ORD-100378,2025-02-08,South,Electronics,Smart Watch,Aarav,43,62.36,0.0,2681.63,939.57
ORD-100379,2025-01-26,West,Beverages,Orange Juice,Sara,13,7.22,0.0,93.85,31.15
ORD-100380,2025-08-26,North,Home & Kitchen,Cookware Set,Meera,6,23.98,0.2,115.1,20.85
ORD-100381,2025-11-18,South,Grocery,Cooking Oil,Meera,8,16.96,0.0,135.64,57.77
ORD-100382,2025-09-19,South,Grocery,Biscuits,Diya,34,7.33,0.05,236.83,94.94
ORD-100383,2025-12-30,West,Beverages,Orange Juice,Sara,5,7.65,0.1,34.43,14.24
ORD-100384,2025-03-12,South,Home & Kitchen,Air Fryer,Rohan,59,97.87,0.05,5485.35,2048.68
ORD-100385,2025-10-09,East,Personal Care,Toothpaste,Rohan,11,11.33,0.0,124.68,31.66
ORD-100386,2025-02-19,West,Personal Care,Face Wash,Diya,42,18.79,0.1,710.09,224.28
ORD-100387,2025-06-29,West,Home & Kitchen,Cookware Set,Kabir,68,64.39,0.1,3940.63,1700.52
ORD-100388,2025-08-02,North,Beverages,Mineral Water,Diya,53,8.95,0.0,474.46,202.86
ORD-100389,2025-02-05,South,Beverages,Coffee,Kabir,52,7.74,0.1,362.22,140.22
ORD-100390,2025-07-17,West,Electronics,Bluetooth Speaker,Meera,3,46.86,0.0,140.57,58.23
ORD-100391,2025-03-15,East,Electronics,Wireless Earbuds,Rohan,50,164.64,0.0,8232.06,1710.42
ORD-100392,2025-02-04,East,Beverages,Orange Juice,Sara,47,7.19,0.1,303.96,121.47
ORD-100393,2025-11-13,West,Home & Kitchen,Air Fryer,Aarav,26,114.78,0.2,2387.35,1036.66
ORD-100394,2025-07-09,South,Home & Kitchen,Air Fryer,Sara,42,68.43,0.0,2874.0,945.79
ORD-100395,2025-01-29,East,Grocery,Rice,Aarav,64,17.66,0.0,1129.97,531.8
ORD-100396,2025-09-09,South,Beverages,Coffee,Diya,78,7.38,0.15,489.18,224.37
ORD-100397,2025-09-05,North,Home & Kitchen,Storage Box,Kabir,42,64.54,0.0,2710.89,972.54
ORD-100398,2025-07-15,South,Grocery,Biscuits,Rohan,17,22.19,0.2,301.76,85.64
ORD-100399,2025-09-05,East,Grocery,Biscuits,Sara,11,5.44,0.0,59.8,27.46
ORD-100400,2025-06-30,North,Home & Kitchen,Storage Box,Meera,79,79.89,0.0,6311.52,2835.71
ORD-100401,2025-09-07,West,Electronics,Power Bank,Rohan,10,138.88,0.0,1388.81,582.26
ORD-100402,2025-09-13,South,Beverages,Coffee,Aarav,22,7.68,0.1,151.97,64.66
ORD-100403,2025-04-23,South,Beverages,Coffee,Rohan,13,4.18,0.0,54.39,10.18
ORD-100404,2025-01-12,East,Electronics,Power Bank,Aarav,57,80.26,0.1,4117.22,953.4
ORD-100405,2025-02-19,South,Home & Kitchen,Storage Box,Aarav,58,17.6,0.0,1020.7,444.06
ORD-100406,2025-03-10,East,Beverages,Mineral Water,Aarav,54,2.3,0.15,105.79,41.79
ORD-100407,2025-07-06,East,Grocery,Cooking Oil,Rohan,41,34.94,0.05,1361.01,323.82
ORD-100408,2025-11-11,North,Grocery,Rice,Kabir,41,13.73,0.05,534.67,235.83
ORD-100409,2025-01-15,North,Grocery,Biscuits,Meera,72,4.15,0.0,299.1,90.64
ORD-100410,2025-10-23,South,Electronics,Smart Watch,Meera,15,129.47,0.0,1941.99,925.04
ORD-100411,2025-03-16,East,Beverages,Green Tea,Kabir,28,11.4,0.1,287.28,137.63
ORD-100412,2025-08-15,West,Grocery,Biscuits,Sara,3,3.94,0.0,11.83,3.72
ORD-100413,2025-04-28,West,Beverages,Coffee,Diya,67,11.2,0.15,638.04,292.8
ORD-100414,2025-01-07,North,Personal Care,Body Lotion,Rohan,47,8.15,0.15,325.77,81.5
ORD-100415,2025-06-15,East,Grocery,Pasta,Meera,66,31.45,0.1,1868.24,363.07
ORD-100416,2025-04-25,South,Personal Care,Body Lotion,Diya,57,19.38,0.05,1049.62,318.42
ORD-100417,2025-06-10,South,Beverages,Green Tea,Rohan,24,3.19,0.1,68.87,29.02
ORD-100418,2025-11-24,North,Grocery,Cooking Oil,Diya,62,12.01,0.0,744.45,196.5
ORD-100419,2025-02-23,North,Home & Kitchen,Mixer Grinder,Sara,61,59.92,0.1,3289.46,1424.0
ORD-100420,2025-10-12,West,Personal Care,Body Lotion,Aarav,41,23.22,0.15,809.32,348.79
ORD-100421,2025-06-29,North,Electronics,Bluetooth Speaker,Diya,59,59.64,0.0,3518.6,1149.88
ORD-100422,2025-04-22,North,Home & Kitchen,Storage Box,Diya,20,38.34,0.0,766.87,297.21
ORD-100423,2025-10-21,West,Grocery,Rice,Diya,31,11.78,0.0,365.2,170.82
ORD-100424,2025-04-25,West,Personal Care,Toothpaste,Aarav,45,15.2,0.15,581.54,109.27
ORD-100425,2025-08-09,East,Personal Care,Face Wash,Kabir,43,3.99,0.0,171.51,60.98
ORD-100426,2025-04-30,West,Personal Care,Shampoo,Aarav,69,8.18,0.0,564.45,161.22
ORD-100427,2025-01-28,South,Beverages,Green Tea,Rohan,53,7.36,0.05,370.74,90.04
ORD-100428,2025-03-30,West,Personal Care,Face Wash,Rohan,27,14.55,0.2,314.24,140.73
ORD-100429,2025-01-03,South,Electronics,Power Bank,Aarav,39,156.7,0.05,5805.87,1984.92
ORD-100430,2025-02-17,South,Personal Care,Face Wash,Diya,69,14.35,0.0,989.88,441.21
ORD-100431,2025-03-25,South,Electronics,Power Bank,Aarav,25,57.73,0.15,1226.83,318.97
ORD-100432,2025-07-23,East,Grocery,Cooking Oil,Diya,67,17.89,0.05,1138.62,515.78
ORD-100433,2025-01-08,West,Personal Care,Body Lotion,Rohan,13,24.77,0.0,322.04,128.02
ORD-100434,2025-12-24,North,Beverages,Orange Juice,Diya,38,2.7,0.1,92.51,23.04
ORD-100435,2025-07-09,North,Personal Care,Face Wash,Diya,56,20.9,0.1,1053.23,266.99
ORD-100436,2025-01-14,East,Grocery,Cooking Oil,Diya,41,8.29,0.1,305.95,139.6
ORD-100437,2025-11-01,North,Home & Kitchen,Storage Box,Aarav,54,137.66,0.05,7061.84,1456.0
ORD-100438,2025-08-23,West,Grocery,Rice,Kabir,69,16.34,0.0,1127.61,429.12
ORD-100439,2025-01-05,East,Electronics,Smart Watch,Aarav,73,123.58,0.0,9020.99,4042.18
ORD-100440,2025-12-22,West,Home & Kitchen,Cookware Set,Rohan,7,50.85,0.0,355.93,116.16
ORD-100441,2025-04-14,West,Electronics,Power Bank,Kabir,51,35.7,0.0,1820.8,729.22
ORD-100442,2025-04-10,South,Personal Care,Face Wash,Diya,43,18.17,0.0,781.51,328.08
ORD-100443,2025-02-15,South,Beverages,Coffee,Meera,5,4.73,0.05,22.47,5.09
ORD-100444,2025-10-20,North,Personal Care,Shampoo,Kabir,53,15.63,0.1,745.77,152.94
ORD-100445,2025-05-29,North,Home & Kitchen,Cookware Set,Sara,47,57.54,0.0,2704.52,1049.5
ORD-100446,2025-01-13,South,Beverages,Orange Juice,Aarav,54,3.11,0.0,168.14,42.37
ORD-100447,2025-05-04,West,Personal Care,Face Wash,Rohan,29,19.03,0.0,551.84,144.52
ORD-100448,2025-11-08,South,Electronics,Bluetooth Speaker,Kabir,34,103.04,0.0,3503.21,1288.91
ORD-100449,2025-04-05,South,Beverages,Mineral Water,Kabir,8,6.28,0.05,47.72,10.0
ORD-100450,2025-07-26,North,Grocery,Pasta,Meera,34,10.82,0.05,349.55,160.43
ORD-100451,2025-10-08,West,Electronics,Smart Watch,Kabir,22,84.42,0.0,1857.35,384.86
ORD-100452,2025-09-30,East,Beverages,Green Tea,Aarav,29,8.38,0.0,243.12,114.04
ORD-100453,2025-07-11,East,Home & Kitchen,Cookware Set,Kabir,69,81.23,0.15,4763.85,1507.91
ORD-100454,2025-06-01,West,Home & Kitchen,Mixer Grinder,Sara,73,130.25,0.0,9507.92,2684.61
ORD-100455,2025-02-01,North,Home & Kitchen,Storage Box,Kabir,57,15.55,0.0,886.36,310.95
ORD-100456,2025-01-30,South,Personal Care,Body Lotion,Diya,45,24.27,0.0,1092.28,278.66
ORD-100457,2025-05-08,East,Beverages,Coffee,Rohan,40,2.17,0.0,86.73,29.16
ORD-100458,2025-11-04,West,Home & Kitchen,Cookware Set,Diya,14,116.85,0.05,1554.07,542.57
ORD-100459,2025-05-29,East,Home & Kitchen,Mixer Grinder,Sara,55,68.5,0.05,3579.31,1137.61
ORD-100460,2025-07-21,East,Home & Kitchen,Cookware Set,Meera,38,65.27,0.1,2232.27,462.77
ORD-100461,2025-03-09,South,Home & Kitchen,Mixer Grinder,Aarav,55,118.32,0.0,6507.52,2819.04
ORD-100462,2025-11-17,South,Personal Care,Face Wash,Kabir,55,17.43,0.1,862.79,361.93
ORD-100463,2025-05-16,West,Personal Care,Face Wash,Aarav,11,16.87,0.0,185.52,60.92
ORD-100464,2025-11-20,South,Grocery,Biscuits,Meera,69,22.97,0.0,1584.66,644.38
ORD-100465,2025-07-10,East,Personal Care,Body Lotion,Rohan,42,11.53,0.0,484.05,145.67
ORD-100466,2025-08-08,South,Personal Care,Toothpaste,Sara,11,24.99,0.0,274.93,95.5
ORD-100467,2025-07-10,East,Electronics,Wireless Earbuds,Sara,39,100.03,0.0,3901.27,1662.07
ORD-100468,2025-11-17,East,Grocery,Cooking Oil,Sara,28,17.37,0.0,486.22,96.1
ORD-100469,2025-11-15,West,Electronics,Smart Watch,Meera,60,167.1,0.0,10026.29,2166.35
ORD-100470,2025-06-23,South,Grocery,Rice,Kabir,53,27.99,0.0,1483.45,431.23
ORD-100471,2025-08-24,South,Beverages,Mineral Water,Meera,58,8.32,0.2,385.9,123.7
ORD-100472,2025-10-20,East,Home & Kitchen,Air Fryer,Meera,64,107.73,0.0,6894.57,2819.84
ORD-100473,2025-06-07,North,Grocery,Rice,Aarav,30,10.04,0.0,301.26,143.77
ORD-100474,2025-05-16,South,Home & Kitchen,Mixer Grinder,Meera,50,54.63,0.0,2731.51,930.0
ORD-100475,2025-07-07,West,Electronics,Smart Watch,Meera,73,54.28,0.0,3962.25,1149.32
ORD-100476,2025-03-11,West,Electronics,Wireless Earbuds,Aarav,37,132.01,0.0,4884.4,1654.13
ORD-100477,2025-12-30,East,Electronics,Smart Watch,Sara,19,142.23,0.1,2432.16,692.6
ORD-100478,2025-09-14,South,Electronics,Wireless Earbuds,Meera,49,135.65,0.05,6314.46,1892.73
ORD-100479,2025-12-17,West,Home & Kitchen,Cookware Set,Meera,67,94.38,0.0,6323.19,1912.13
ORD-100480,2025-01-10,North,Grocery,Biscuits,Aarav,7,8.27,0.15,49.22,12.36
ORD-100481,2025-02-17,North,Electronics,Wireless Earbuds,Rohan,26,57.82,0.0,1503.25,279.49
ORD-100482,2025-03-24,South,Home & Kitchen,Storage Box,Aarav,62,83.66,0.0,5186.84,2227.3
ORD-100483,2025-09-22,South,Beverages,Coffee,Kabir,13,11.22,0.05,138.56,54.27
ORD-100484,2025-05-06,South,Grocery,Cooking Oil,Sara,48,25.67,0.0,1232.22,376.56
ORD-100485,2025-06-08,North,Home & Kitchen,Air Fryer,Sara,74,67.04,0.0,4960.9,1251.84
ORD-100486,2025-05-06,South,Beverages,Mineral Water,Meera,3,8.89,0.0,26.68,12.62
ORD-100487,2025-11-17,West,Personal Care,Shampoo,Kabir,37,21.41,0.05,752.46,191.12
ORD-100488,2025-12-08,North,Beverages,Mineral Water,Meera,16,9.67,0.0,154.67,48.52
ORD-100489,2025-10-18,North,Home & Kitchen,Storage Box,Kabir,36,137.07,0.0,4934.61,1661.36
ORD-100490,2025-11-16,South,Home & Kitchen,Mixer Grinder,Aarav,20,92.69,0.15,1575.64,599.76
ORD-100491,2025-04-28,West,Grocery,Biscuits,Kabir,39,17.64,0.0,687.95,317.26
ORD-100492,2025-01-02,South,Home & Kitchen,Storage Box,Kabir,26,132.44,0.05,3271.29,850.38
ORD-100493,2025-07-02,West,Electronics,Wireless Earbuds,Diya,11,134.06,0.0,1474.68,686.39
ORD-100494,2025-03-12,North,Beverages,Orange Juice,Meera,77,8.58,0.15,561.49,265.7
ORD-100495,2025-09-24,West,Home & Kitchen,Cookware Set,Diya,46,30.3,0.2,1115.08,387.03
ORD-100496,2025-05-06,West,Electronics,Bluetooth Speaker,Diya,79,45.58,0.0,3600.61,723.85
ORD-100497,2025-02-26,North,Beverages,Mineral Water,Kabir,37,4.45,0.0,164.69,77.18
ORD-100498,2025-04-17,North,Home & Kitchen,Mixer Grinder,Meera,28,75.06,0.0,2101.8,887.19
ORD-100499,2025-02-03,West,Electronics,Wireless Earbuds,Meera,73,83.61,0.0,6103.85,2128.51
ORD-100500,2025-07-26,North,Grocery,Pasta,Diya,10,8.65,0.0,86.48,20.19
ORD-100501,2025-02-03,North,Home & Kitchen,Cookware Set,Sara,22,124.48,0.0,2738.5,1155.1
ORD-100502,2025-08-26,East,Home & Kitchen,Mixer Grinder,Sara,70,55.99,0.05,3723.01,718.91
ORD-100503,2025-08-28,West,Grocery,Biscuits,Diya,69,7.87,0.1,488.54,94.15
ORD-100504,2025-04-21,West,Beverages,Coffee,Diya,75,3.12,0.0,234.21,80.92
ORD-100505,2025-07-17,East,Grocery,Biscuits,Rohan,61,5.05,0.05,292.9,86.7
ORD-100506,2025-09-22,South,Beverages,Green Tea,Meera,30,11.99,0.0,359.61,135.18
ORD-100507,2025-04-15,South,Personal Care,Shampoo,Kabir,32,10.22,0.05,310.66,68.61
ORD-100508,2025-01-16,North,Home & Kitchen,Mixer Grinder,Meera,73,57.98,0.0,4232.23,1827.27
ORD-100509,2025-05-28,West,Electronics,Smart Watch,Sara,56,152.37,0.15,7252.69,2214.04
ORD-100510,2025-04-19,North,Personal Care,Body Lotion,Rohan,60,19.57,0.1,1056.75,220.54
ORD-100511,2025-04-18,East,Grocery,Pasta,Kabir,34,6.69,0.15,193.4,41.51
ORD-100512,2025-12-14,South,Electronics,Power Bank,Rohan,5,41.54,0.1,186.95,51.5
ORD-100513,2025-04-19,East,Electronics,Wireless Earbuds,Meera,18,53.5,0.0,962.94,237.14
ORD-100514,2025-02-01,North,Home & Kitchen,Cookware Set,Sara,24,137.3,0.0,3295.11,1273.05
ORD-100515,2025-04-20,East,Electronics,Wireless Earbuds,Aarav,5,50.6,0.1,227.68,85.06
ORD-100516,2025-03-01,North,Home & Kitchen,Air Fryer,Diya,72,38.59,0.0,2778.59,533.54
ORD-100517,2025-06-16,South,Beverages,Mineral Water,Meera,32,6.89,0.2,176.5,41.44
ORD-100518,2025-12-05,East,Beverages,Coffee,Kabir,2,8.58,0.0,17.16,3.38
ORD-100519,2025-10-05,North,Beverages,Coffee,Meera,65,10.19,0.0,662.16,211.08
ORD-100520,2025-06-12,North,Beverages,Orange Juice,Rohan,42,3.75,0.0,157.31,72.51
ORD-100521,2025-08-22,North,Personal Care,Shampoo,Kabir,10,20.52,0.05,194.89,87.9
ORD-100522,2025-08-19,North,Personal Care,Toothpaste,Diya,63,12.92,0.2,651.22,307.52
ORD-100523,2025-02-02,South,Beverages,Mineral Water,Sara,30,10.84,0.1,292.63,113.02
ORD-100524,2025-08-31,North,Grocery,Pasta,Sara,37,10.41,0.0,385.23,126.34
ORD-100525,2025-08-12,East,Beverages,Coffee,Aarav,70,5.63,0.0,393.76,125.55
ORD-100526,2025-06-20,South,Electronics,Wireless Earbuds,Sara,17,49.22,0.0,836.81,293.87
ORD-100527,2025-06-14,South,Personal Care,Toothpaste,Sara,73,20.83,0.15,1292.65,419.28
ORD-100528,2025-05-07,West,Electronics,Power Bank,Diya,37,77.84,0.05,2736.11,820.92
ORD-100529,2025-01-15,South,Home & Kitchen,Mixer Grinder,Diya,77,71.85,0.0,5532.38,2363.27
ORD-100530,2025-08-30,West,Grocery,Pasta,Diya,45,5.34,0.0,240.28,48.1
ORD-100531,2025-10-03,East,Electronics,Power Bank,Aarav,14,160.44,0.15,1909.19,729.7
ORD-100532,2025-02-16,West,Home & Kitchen,Storage Box,Sara,20,63.07,0.1,1135.27,221.18
ORD-100533,2025-03-17,South,Home & Kitchen,Storage Box,Rohan,40,113.89,0.05,4327.89,1254.74
ORD-100534,2025-12-01,South,Beverages,Orange Juice,Kabir,41,7.32,0.05,284.98,131.87
ORD-100535,2025-06-23,South,Home & Kitchen,Cookware Set,Aarav,57,50.86,0.0,2899.12,1008.5
ORD-100536,2025-11-02,East,Grocery,Rice,Kabir,51,22.05,0.1,1012.27,252.44
ORD-100537,2025-01-30,South,Beverages,Green Tea,Kabir,34,3.8,0.0,129.12,34.42
ORD-100538,2025-01-18,East,Beverages,Coffee,Rohan,11,9.84,0.0,108.23,37.84
ORD-100539,2025-04-13,West,Beverages,Green Tea,Rohan,36,7.91,0.1,256.21,112.74
ORD-100540,2025-09-30,South,Home & Kitchen,Mixer Grinder,Meera,24,102.01,0.1,2203.31,507.46
ORD-100541,2025-12-20,West,Personal Care,Body Lotion,Sara,30,6.63,0.1,178.96,66.03
ORD-100542,2025-11-13,South,Grocery,Rice,Meera,60,27.39,0.15,1396.78,441.81
ORD-100543,2025-02-01,East,Beverages,Orange Juice,Aarav,68,9.49,0.0,645.64,150.37
ORD-100544,2025-02-05,North,Grocery,Biscuits,Meera,53,22.33,0.1,1065.19,335.38
ORD-100545,2025-04-27,East,Grocery,Cooking Oil,Diya,10,5.31,0.1,47.8,22.02
ORD-100546,2025-01-26,West,Grocery,Biscuits,Sara,62,11.09,0.15,584.55,161.19
ORD-100547,2025-10-07,North,Grocery,Pasta,Diya,76,25.75,0.05,1858.86,452.96
ORD-100548,2025-11-24,East,Home & Kitchen,Mixer Grinder,Diya,2,135.93,0.1,244.67,62.18
ORD-100549,2025-03-13,East,Beverages,Green Tea,Rohan,13,6.93,0.1,81.11,16.26
ORD-100550,2025-06-21,South,Grocery,Pasta,Meera,67,10.01,0.05,637.29,263.18
ORD-100551,2025-05-14,East,Beverages,Orange Juice,Aarav,44,9.24,0.15,345.55,140.61
ORD-100552,2025-09-27,West,Grocery,Biscuits,Rohan,63,5.77,0.1,327.05,95.62
ORD-100553,2025-08-30,West,Home & Kitchen,Storage Box,Sara,53,90.66,0.05,4564.5,1195.58
ORD-100554,2025-09-15,West,Electronics,Wireless Earbuds,Rohan,28,30.1,0.1,758.53,295.77
ORD-100555,2025-06-02,South,Electronics,Smart Watch,Rohan,33,154.97,0.0,5114.15,1401.19
ORD-100556,2025-04-01,East,Home & Kitchen,Air Fryer,Rohan,32,96.67,0.15,2629.44,857.77
ORD-100557,2025-11-19,North,Home & Kitchen,Cookware Set,Rohan,31,85.93,0.15,2264.14,937.71
ORD-100558,2025-02-06,West,Personal Care,Toothpaste,Sara,68,21.06,0.05,1360.3,426.68
ORD-100559,2025-12-08,East,Electronics,Bluetooth Speaker,Diya,4,136.98,0.1,493.12,217.72
ORD-100560,2025-03-13,East,Home & Kitchen,Cookware Set,Aarav,46,74.72,0.1,3093.57,1224.11
ORD-100561,2025-03-16,North,Electronics,Smart Watch,Aarav,63,97.78,0.15,5236.38,2380.16
ORD-100562,2025-12-19,East,Electronics,Bluetooth Speaker,Sara,43,143.9,0.0,6187.65,1423.32
ORD-100563,2025-07-17,North,Beverages,Mineral Water,Meera,64,6.65,0.0,425.52,81.55
ORD-100564,2025-02-08,East,Home & Kitchen,Cookware Set,Diya,50,112.15,0.05,5327.0,2542.04
ORD-100565,2025-02-20,South,Personal Care,Face Wash,Sara,45,22.3,0.2,802.94,325.73
ORD-100566,2025-04-23,North,Beverages,Coffee,Meera,19,4.4,0.05,79.38,34.58
ORD-100567,2025-05-17,North,Grocery,Pasta,Rohan,22,13.45,0.05,281.14,96.32
ORD-100568,2025-01-17,South,Electronics,Bluetooth Speaker,Meera,64,126.23,0.05,7674.48,2969.1
ORD-100569,2025-12-20,North,Personal Care,Shampoo,Diya,62,11.48,0.05,676.3,122.67
ORD-100570,2025-12-20,North,Personal Care,Toothpaste,Kabir,30,14.86,0.0,445.89,124.79
ORD-100571,2025-09-05,North,Electronics,Smart Watch,Aarav,31,96.29,0.15,2537.2,782.5
ORD-100572,2025-05-18,East,Grocery,Biscuits,Sara,6,7.16,0.0,42.97,14.2
ORD-100573,2025-08-14,West,Personal Care,Face Wash,Sara,63,3.22,0.0,203.05,93.89
ORD-100574,2025-02-27,West,Home & Kitchen,Storage Box,Sara,56,31.62,0.15,1504.91,653.87
ORD-100575,2025-09-23,West,Beverages,Green Tea,Diya,15,5.69,0.15,72.5,14.96
ORD-100576,2025-04-14,North,Grocery,Pasta,Kabir,33,14.81,0.0,488.81,220.54
ORD-100577,2025-04-26,South,Electronics,Bluetooth Speaker,Diya,35,155.55,0.0,5444.2,1681.47
ORD-100578,2025-10-22,West,Personal Care,Body Lotion,Kabir,70,22.14,0.0,1549.84,609.64
ORD-100579,2025-08-04,West,Beverages,Green Tea,Aarav,5,2.13,0.0,10.64,4.89
ORD-100580,2025-11-09,North,Beverages,Green Tea,Meera,11,2.83,0.0,31.16,8.14
ORD-100581,2025-09-07,North,Beverages,Green Tea,Meera,50,8.07,0.05,383.32,167.94
ORD-100582,2025-07-21,North,Home & Kitchen,Air Fryer,Sara,23,137.47,0.05,3003.76,1365.36
ORD-100583,2025-07-08,North,Electronics,Wireless Earbuds,Meera,76,141.55,0.0,10758.0,4983.3
ORD-100584,2025-05-14,East,Beverages,Coffee,Aarav,79,5.18,0.0,409.09,117.67
ORD-100585,2025-04-24,North,Personal Care,Face Wash,Rohan,27,7.03,0.0,189.81,82.19
ORD-100586,2025-02-04,East,Electronics,Bluetooth Speaker,Meera,55,70.87,0.1,3508.07,1306.63
ORD-100587,2025-12-08,South,Electronics,Wireless Earbuds,Diya,9,24.99,0.05,213.66,80.69
ORD-100588,2025-07-28,West,Grocery,Cooking Oil,Meera,51,16.02,0.0,816.87,287.18
ORD-100589,2025-10-14,West,Home & Kitchen,Storage Box,Rohan,57,68.85,0.1,3531.99,995.42
ORD-100590,2025-03-14,East,Beverages,Orange Juice,Diya,12,8.23,0.05,93.8,43.78
ORD-100591,2025-02-08,West,Home & Kitchen,Storage Box,Sara,13,78.24,0.0,1017.12,443.31
ORD-100592,2025-09-05,South,Beverages,Coffee,Aarav,74,10.46,0.0,774.08,335.47
ORD-100593,2025-08-31,East,Home & Kitchen,Cookware Set,Sara,17,42.0,0.05,678.26,302.48
ORD-100594,2025-06-27,South,Electronics,Smart Watch,Kabir,38,97.37,0.0,3700.04,1308.98
ORD-100595,2025-10-29,West,Personal Care,Face Wash,Meera,46,20.42,0.0,939.19,186.65
ORD-100596,2025-12-18,East,Electronics,Smart Watch,Rohan,15,87.56,0.1,1182.08,528.13
ORD-100597,2025-12-13,North,Home & Kitchen,Mixer Grinder,Kabir,71,103.05,0.0,7316.81,1753.67
ORD-100598,2025-01-14,North,Grocery,Pasta,Diya,7,8.94,0.1,56.3,14.36
ORD-100599,2025-06-04,West,Beverages,Orange Juice,Kabir,22,5.9,0.2,103.76,39.39
ORD-100600,2025-11-22,East,Grocery,Biscuits,Sara,68,23.26,0.0,1581.97,301.29
ORD-100601,2025-10-26,South,Electronics,Power Bank,Sara,42,135.05,0.0,5672.09,1515.43
ORD-100602,2025-02-27,West,Beverages,Mineral Water,Aarav,71,8.92,0.05,601.56,247.08
ORD-100603,2025-03-29,West,Electronics,Smart Watch,Aarav,10,47.85,0.0,478.55,166.99
ORD-100604,2025-12-16,South,Home & Kitchen,Cookware Set,Rohan,67,57.12,0.15,3252.9,677.65
ORD-100605,2025-02-03,South,Grocery,Pasta,Aarav,24,24.73,0.1,534.19,109.09
ORD-100606,2025-10-06,South,Personal Care,Face Wash,Kabir,70,13.39,0.05,890.12,288.39
ORD-100607,2025-06-07,West,Beverages,Mineral Water,Diya,30,6.33,0.0,189.77,35.68
ORD-100608,2025-09-14,South,Personal Care,Shampoo,Diya,30,18.53,0.1,500.21,127.09
ORD-100609,2025-08-12,West,Beverages,Orange Juice,Kabir,23,3.28,0.0,75.53,33.23
ORD-100610,2025-08-08,West,Home & Kitchen,Air Fryer,Aarav,38,35.14,0.05,1268.4,534.75
ORD-100611,2025-02-13,West,Personal Care,Shampoo,Sara,18,19.69,0.15,301.23,96.31
ORD-100612,2025-02-27,South,Electronics,Wireless Earbuds,Sara,11,73.28,0.0,806.09,381.48
ORD-100613,2025-04-14,South,Beverages,Green Tea,Aarav,38,3.36,0.05,121.47,44.15
ORD-100614,2025-07-05,South,Grocery,Biscuits,Meera,21,9.45,0.0,198.35,54.14
ORD-100615,2025-07-06,East,Home & Kitchen,Cookware Set,Aarav,61,76.35,0.1,4191.83,1418.47
ORD-100616,2025-09-22,East,Beverages,Orange Juice,Diya,73,9.39,0.0,685.36,177.65
ORD-100617,2025-08-14,West,Grocery,Biscuits,Kabir,33,3.5,0.1,103.92,36.67
ORD-100618,2025-04-01,South,Personal Care,Toothpaste,Kabir,9,22.55,0.1,182.63,86.54
ORD-100619,2025-04-09,North,Grocery,Cooking Oil,Diya,53,16.59,0.05,835.07,307.12
ORD-100620,2025-08-03,West,Beverages,Coffee,Meera,22,10.77,0.05,225.19,69.22
ORD-100621,2025-10-05,North,Personal Care,Toothpaste,Aarav,15,19.1,0.0,286.44,111.37
ORD-100622,2025-12-20,South,Electronics,Wireless Earbuds,Diya,72,179.92,0.0,12954.04,5152.85
ORD-100623,2025-06-04,East,Grocery,Biscuits,Diya,5,18.69,0.1,84.09,17.85
ORD-100624,2025-04-01,West,Personal Care,Body Lotion,Diya,54,18.88,0.15,866.4,353.42
ORD-100625,2025-01-31,North,Grocery,Biscuits,Aarav,14,9.58,0.05,127.43,47.68
ORD-100626,2025-02-13,West,Home & Kitchen,Cookware Set,Rohan,74,92.07,0.05,6472.67,1854.06
ORD-100627,2025-04-08,South,Personal Care,Shampoo,Diya,50,24.12,0.05,1145.56,292.35
ORD-100628,2025-03-06,South,Personal Care,Face Wash,Aarav,46,8.59,0.0,395.2,94.45
ORD-100629,2025-12-27,South,Grocery,Biscuits,Rohan,21,5.78,0.0,121.28,52.4
ORD-100630,2025-09-25,North,Personal Care,Toothpaste,Diya,10,8.65,0.0,86.46,15.94
ORD-100631,2025-09-21,South,Beverages,Green Tea,Diya,68,4.45,0.0,302.52,144.07
ORD-100632,2025-11-29,East,Home & Kitchen,Storage Box,Diya,30,22.56,0.1,609.07,244.31
ORD-100633,2025-06-28,East,Beverages,Coffee,Aarav,63,5.86,0.05,350.74,157.84
ORD-100634,2025-01-27,North,Grocery,Biscuits,Diya,15,19.19,0.0,287.86,86.38
ORD-100635,2025-10-14,West,Grocery,Pasta,Sara,35,10.42,0.1,328.15,78.14
ORD-100636,2025-06-24,North,Grocery,Biscuits,Kabir,2,6.53,0.0,13.06,2.78
ORD-100637,2025-08-25,South,Beverages,Orange Juice,Kabir,53,10.88,0.15,490.02,104.97
ORD-100638,2025-07-23,South,Home & Kitchen,Cookware Set,Aarav,62,72.03,0.0,4465.95,1176.61
ORD-100639,2025-07-28,North,Home & Kitchen,Cookware Set,Kabir,50,72.31,0.05,3434.75,1024.27
ORD-100640,2025-02-27,North,Personal Care,Toothpaste,Diya,70,19.28,0.05,1281.97,442.49
ORD-100641,2025-11-03,South,Electronics,Smart Watch,Meera,34,86.68,0.1,2652.44,813.28
ORD-100642,2025-10-22,East,Personal Care,Toothpaste,Rohan,18,16.13,0.0,290.35,87.23
ORD-100643,2025-02-19,North,Electronics,Power Bank,Kabir,2,33.94,0.1,61.09,29.01
ORD-100644,2025-04-09,West,Home & Kitchen,Air Fryer,Kabir,39,125.65,0.0,4900.21,1483.17
ORD-100645,2025-08-05,East,Grocery,Cooking Oil,Sara,26,14.93,0.0,388.26,118.46
ORD-100646,2025-06-19,West,Beverages,Orange Juice,Kabir,43,5.95,0.0,255.82,75.44
ORD-100647,2025-04-18,East,Beverages,Green Tea,Meera,41,6.53,0.0,267.74,71.14
ORD-100648,2025-08-01,East,Beverages,Orange Juice,Rohan,41,3.9,0.05,151.92,55.62
ORD-100649,2025-01-08,West,Grocery,Biscuits,Rohan,43,11.43,0.0,491.54,220.33
ORD-100650,2025-07-03,North,Personal Care,Body Lotion,Diya,47,23.6,0.0,1109.29,341.32
ORD-100651,2025-05-16,North,Home & Kitchen,Storage Box,Sara,69,76.74,0.2,4236.06,1524.07
ORD-100652,2025-03-01,North,Electronics,Bluetooth Speaker,Sara,29,131.74,0.05,3629.47,1655.29
ORD-100653,2025-08-08,South,Electronics,Bluetooth Speaker,Rohan,17,179.29,0.0,3047.88,1154.91
ORD-100654,2025-03-27,South,Home & Kitchen,Mixer Grinder,Aarav,19,25.65,0.0,487.4,158.27
ORD-100655,2025-09-12,East,Beverages,Orange Juice,Sara,45,8.81,0.05,376.61,177.83
ORD-100656,2025-04-30,East,Grocery,Rice,Aarav,77,33.58,0.0,2585.84,1036.15
ORD-100657,2025-10-18,East,Personal Care,Face Wash,Sara,50,6.4,0.15,271.88,129.37
ORD-100658,2025-08-08,West,Home & Kitchen,Cookware Set,Meera,62,74.71,0.1,4168.62,766.18
ORD-100659,2025-08-30,West,Electronics,Wireless Earbuds,Rohan,49,137.86,0.1,6079.61,2407.0
ORD-100660,2025-08-06,West,Beverages,Mineral Water,Kabir,47,7.09,0.0,333.1,62.48
ORD-100661,2025-09-13,East,Electronics,Power Bank,Diya,46,122.32,0.0,5626.77,2243.69
ORD-100662,2025-09-16,South,Home & Kitchen,Storage Box,Meera,24,105.44,0.15,2151.01,648.28
ORD-100663,2025-09-17,North,Grocery,Biscuits,Kabir,51,14.04,0.15,608.49,226.94
ORD-100664,2025-03-06,East,Home & Kitchen,Cookware Set,Aarav,54,36.65,0.1,1781.17,661.76
ORD-100665,2025-09-14,West,Electronics,Smart Watch,Meera,45,150.96,0.2,5434.39,1034.31
ORD-100666,2025-04-11,West,Grocery,Pasta,Meera,78,6.22,0.0,485.32,100.9
ORD-100667,2025-04-02,West,Home & Kitchen,Mixer Grinder,Diya,67,122.98,0.15,7003.85,2103.96
ORD-100668,2025-07-12,West,Personal Care,Face Wash,Rohan,67,4.62,0.0,309.5,81.88
ORD-100669,2025-10-01,West,Electronics,Bluetooth Speaker,Meera,31,22.36,0.0,693.27,232.38
ORD-100670,2025-02-06,East,Electronics,Bluetooth Speaker,Diya,8,163.75,0.0,1310.0,563.52
ORD-100671,2025-07-02,North,Personal Care,Toothpaste,Sara,59,7.34,0.0,433.22,82.92
ORD-100672,2025-12-18,South,Electronics,Smart Watch,Meera,34,176.71,0.0,6007.98,2193.83
ORD-100673,2025-04-26,North,Grocery,Biscuits,Sara,47,4.04,0.0,189.9,44.99
ORD-100674,2025-09-20,West,Electronics,Smart Watch,Rohan,3,53.16,0.05,151.51,62.37
ORD-100675,2025-06-15,North,Grocery,Pasta,Diya,76,22.88,0.1,1564.67,401.02
ORD-100676,2025-04-10,North,Grocery,Pasta,Kabir,32,10.7,0.05,325.13,123.34
ORD-100677,2025-01-29,North,Electronics,Power Bank,Aarav,28,110.65,0.05,2943.24,911.06
ORD-100678,2025-05-04,North,Grocery,Biscuits,Meera,45,14.63,0.1,592.5,243.54
ORD-100679,2025-04-18,South,Personal Care,Body Lotion,Kabir,2,24.95,0.05,47.4,10.65
ORD-100680,2025-04-22,South,Home & Kitchen,Storage Box,Aarav,75,99.6,0.1,6722.78,2911.86
ORD-100681,2025-08-08,East,Home & Kitchen,Mixer Grinder,Diya,61,105.5,0.1,5791.76,1735.98
ORD-100682,2025-07-23,East,Beverages,Mineral Water,Meera,67,10.09,0.0,675.84,205.52
ORD-100683,2025-05-09,East,Home & Kitchen,Cookware Set,Diya,64,104.74,0.0,6703.46,2204.6
ORD-100684,2025-07-19,East,Beverages,Orange Juice,Kabir,67,2.06,0.0,137.84,48.12
ORD-100685,2025-05-21,South,Personal Care,Shampoo,Rohan,7,6.59,0.05,43.8,17.46
ORD-100686,2025-07-22,South,Electronics,Power Bank,Sara,25,161.19,0.0,4029.85,1927.51
ORD-100687,2025-07-16,East,Grocery,Biscuits,Sara,33,18.97,0.1,563.43,159.1
ORD-100688,2025-08-08,West,Grocery,Rice,Rohan,73,8.54,0.05,592.15,260.14
ORD-100689,2025-07-06,North,Personal Care,Body Lotion,Rohan,4,9.67,0.0,38.66,14.22
ORD-100690,2025-08-10,West,Grocery,Pasta,Meera,43,25.22,0.1,975.95,332.18
ORD-100691,2025-09-13,West,Grocery,Rice,Meera,17,30.16,0.05,487.12,155.24
ORD-100692,2025-01-18,South,Electronics,Power Bank,Rohan,71,161.21,0.05,10873.4,5041.16
ORD-100693,2025-12-20,East,Electronics,Smart Watch,Aarav,73,157.32,0.1,10336.18,2614.51
ORD-100694,2025-05-24,East,Home & Kitchen,Storage Box,Rohan,39,34.78,0.15,1153.0,277.62
ORD-100695,2025-12-09,East,Beverages,Mineral Water,Aarav,16,5.68,0.2,72.75,19.93
ORD-100696,2025-01-29,West,Electronics,Bluetooth Speaker,Kabir,18,160.41,0.0,2887.29,704.15
ORD-100697,2025-10-09,South,Beverages,Green Tea,Aarav,32,4.8,0.15,130.57,24.65
ORD-100698,2025-06-17,South,Electronics,Wireless Earbuds,Aarav,58,168.7,0.0,9784.55,3884.1
ORD-100699,2025-08-20,North,Home & Kitchen,Mixer Grinder,Rohan,71,63.63,0.05,4291.9,1889.97
ORD-100700,2025-11-26,East,Home & Kitchen,Cookware Set,Sara,51,82.1,0.0,4187.28,1846.49
ORD-100701,2025-01-30,North,Beverages,Orange Juice,Meera,76,7.75,0.0,589.31,166.91
ORD-100702,2025-06-24,West,Personal Care,Toothpaste,Rohan,30,20.24,0.15,516.06,201.54
ORD-100703,2025-01-16,East,Grocery,Rice,Meera,66,16.05,0.0,1059.4,395.27
ORD-100704,2025-05-19,West,Electronics,Wireless Earbuds,Aarav,43,107.0,0.0,4601.19,2188.95
ORD-100705,2025-02-18,East,Electronics,Power Bank,Diya,68,81.17,0.05,5243.33,2116.04
ORD-100706,2025-04-28,East,Electronics,Bluetooth Speaker,Aarav,65,111.25,0.1,6508.02,2938.06
ORD-100707,2025-02-28,East,Home & Kitchen,Cookware Set,Rohan,67,72.69,0.0,4869.9,1924.46
ORD-100708,2025-07-01,West,Home & Kitchen,Mixer Grinder,Sara,55,131.12,0.1,6490.32,2854.04
ORD-100709,2025-11-18,South,Beverages,Mineral Water,Rohan,8,5.58,0.1,40.16,17.42
ORD-100710,2025-01-18,East,Personal Care,Body Lotion,Kabir,30,9.91,0.05,282.48,54.59
ORD-100711,2025-04-14,East,Home & Kitchen,Storage Box,Kabir,64,75.26,0.15,4094.36,794.98
ORD-100712,2025-01-02,North,Beverages,Green Tea,Rohan,74,7.98,0.0,590.58,191.1
ORD-100713,2025-01-15,South,Home & Kitchen,Cookware Set,Kabir,35,129.55,0.0,4534.19,1101.25
ORD-100714,2025-04-07,North,Home & Kitchen,Mixer Grinder,Aarav,11,110.28,0.1,1091.76,415.23
ORD-100715,2025-09-21,East,Home & Kitchen,Cookware Set,Rohan,3,38.53,0.1,104.02,19.83
ORD-100716,2025-11-06,East,Beverages,Orange Juice,Meera,12,7.45,0.15,76.01,21.15
ORD-100717,2025-11-29,North,Electronics,Power Bank,Rohan,6,92.86,0.1,501.45,124.67
ORD-100718,2025-05-20,North,Personal Care,Shampoo,Aarav,61,24.15,0.1,1326.04,585.08
ORD-100719,2025-03-15,West,Electronics,Bluetooth Speaker,Rohan,31,176.13,0.0,5460.11,2436.79
ORD-100720,2025-01-03,West,Home & Kitchen,Storage Box,Diya,54,129.94,0.15,5964.31,1264.36
ORD-100721,2025-11-18,South,Grocery,Rice,Aarav,11,22.92,0.15,214.28,40.07
ORD-100722,2025-08-26,West,Personal Care,Shampoo,Kabir,18,3.62,0.0,65.11,26.2
ORD-100723,2025-09-07,North,Grocery,Biscuits,Meera,63,22.39,0.0,1410.79,520.1
ORD-100724,2025-11-27,West,Beverages,Mineral Water,Meera,19,10.88,0.2,165.37,30.53
ORD-100725,2025-01-13,East,Home & Kitchen,Cookware Set,Aarav,71,23.15,0.1,1479.16,380.63
ORD-100726,2025-09-01,South,Electronics,Smart Watch,Rohan,70,128.94,0.1,8123.39,3639.71
ORD-100727,2025-09-05,South,Beverages,Coffee,Meera,6,11.48,0.1,61.97,13.26
ORD-100728,2025-07-30,North,Personal Care,Shampoo,Kabir,56,3.68,0.0,206.1,55.35
ORD-100729,2025-09-26,North,Personal Care,Face Wash,Kabir,6,21.04,0.05,119.9,56.09
ORD-100730,2025-03-20,West,Electronics,Power Bank,Rohan,79,107.27,0.15,7203.02,3143.36
ORD-100731,2025-08-10,West,Home & Kitchen,Cookware Set,Aarav,30,138.99,0.0,4169.74,1416.05
ORD-100732,2025-07-12,North,Home & Kitchen,Air Fryer,Sara,18,98.73,0.0,1777.05,408.15
ORD-100733,2025-09-29,East,Home & Kitchen,Storage Box,Diya,31,67.97,0.0,2107.18,642.18
ORD-100734,2025-04-26,West,Electronics,Wireless Earbuds,Meera,20,103.57,0.05,1967.92,837.77
ORD-100735,2025-08-31,South,Home & Kitchen,Cookware Set,Diya,53,68.25,0.0,3617.2,1150.36
ORD-100736,2025-10-31,West,Home & Kitchen,Cookware Set,Diya,35,64.9,0.0,2271.6,909.13
ORD-100737,2025-12-03,North,Personal Care,Toothpaste,Diya,53,21.11,0.1,1007.1,350.36
ORD-100738,2025-02-03,South,Home & Kitchen,Storage Box,Kabir,63,113.35,0.05,6783.84,2670.46
ORD-100739,2025-07-27,West,Grocery,Biscuits,Kabir,22,5.97,0.0,131.44,49.37
ORD-100740,2025-07-26,South,Personal Care,Toothpaste,Diya,60,19.01,0.2,912.3,248.67
ORD-100741,2025-06-10,North,Beverages,Mineral Water,Aarav,8,11.53,0.0,92.21,24.71
ORD-100742,2025-10-06,South,Home & Kitchen,Storage Box,Diya,73,101.64,0.0,7419.88,1974.7
ORD-100743,2025-01-08,North,Home & Kitchen,Air Fryer,Meera,34,45.4,0.0,1543.69,650.61
ORD-100744,2025-10-21,South,Personal Care,Face Wash,Diya,10,23.79,0.0,237.92,72.18
ORD-100745,2025-09-09,North,Personal Care,Toothpaste,Sara,45,24.4,0.05,1043.18,319.83
ORD-100746,2025-04-26,North,Home & Kitchen,Air Fryer,Diya,49,115.54,0.1,5095.48,2308.07
ORD-100747,2025-05-31,East,Personal Care,Face Wash,Kabir,28,10.2,0.0,285.56,131.08
ORD-100748,2025-08-07,North,Beverages,Coffee,Meera,11,4.86,0.05,50.82,17.02
ORD-100749,2025-01-15,West,Electronics,Smart Watch,Aarav,17,154.34,0.0,2623.73,865.86
ORD-100750,2025-09-30,South,Electronics,Wireless Earbuds,Diya,72,130.46,0.0,9393.35,2981.6
ORD-100751,2025-12-15,East,Beverages,Green Tea,Meera,62,11.71,0.1,653.15,301.79
ORD-100752,2025-05-12,South,Electronics,Wireless Earbuds,Rohan,22,104.75,0.0,2304.5,652.72
ORD-100753,2025-06-19,North,Home & Kitchen,Air Fryer,Kabir,76,92.95,0.2,5651.58,2394.7
ORD-100754,2025-08-14,West,Beverages,Orange Juice,Kabir,14,11.85,0.2,132.7,28.47
ORD-100755,2025-07-17,West,Beverages,Coffee,Rohan,35,8.52,0.0,298.07,126.53
ORD-100756,2025-06-10,North,Electronics,Bluetooth Speaker,Diya,63,29.34,0.0,1848.46,760.36
ORD-100757,2025-01-16,East,Electronics,Power Bank,Sara,15,129.44,0.15,1650.33,587.25
ORD-100758,2025-04-15,West,Grocery,Cooking Oil,Meera,56,13.88,0.0,777.27,348.65
ORD-100759,2025-04-27,North,Grocery,Pasta,Kabir,22,18.84,0.15,352.3,159.88
ORD-100760,2025-01-16,East,Electronics,Wireless Earbuds,Meera,40,144.35,0.15,4907.85,1702.02
ORD-100761,2025-09-08,West,Electronics,Smart Watch,Diya,74,142.47,0.1,9488.33,2114.15
ORD-100762,2025-07-24,West,Electronics,Wireless Earbuds,Sara,28,72.94,0.2,1633.75,510.06
ORD-100763,2025-01-15,South,Grocery,Pasta,Meera,4,29.72,0.05,112.95,21.49
ORD-100764,2025-09-20,East,Beverages,Coffee,Aarav,19,4.41,0.0,83.78,33.59
ORD-100765,2025-04-12,South,Grocery,Pasta,Aarav,21,21.53,0.05,429.47,159.14
ORD-100766,2025-07-26,South,Home & Kitchen,Mixer Grinder,Sara,56,25.44,0.0,1424.51,324.67
ORD-100767,2025-11-19,West,Home & Kitchen,Air Fryer,Rohan,18,83.7,0.1,1355.97,281.14
ORD-100768,2025-09-14,West,Beverages,Orange Juice,Meera,4,5.05,0.05,19.18,4.86
ORD-100769,2025-06-10,North,Grocery,Rice,Rohan,11,19.61,0.0,215.7,74.47
ORD-100770,2025-12-26,South,Personal Care,Shampoo,Diya,64,16.54,0.05,1005.38,444.6
ORD-100771,2025-07-16,West,Grocery,Rice,Aarav,15,10.73,0.2,128.76,60.08
ORD-100772,2025-11-10,North,Grocery,Cooking Oil,Kabir,29,25.95,0.1,677.26,319.78
ORD-100773,2025-10-06,West,Electronics,Wireless Earbuds,Diya,48,65.94,0.0,3165.05,628.86
ORD-100774,2025-08-01,South,Electronics,Smart Watch,Rohan,28,111.76,0.0,3129.19,1108.32
ORD-100775,2025-10-12,East,Personal Care,Toothpaste,Aarav,36,21.13,0.0,760.81,238.78
ORD-100776,2025-01-17,West,Electronics,Smart Watch,Diya,14,63.91,0.0,894.7,374.05
ORD-100777,2025-02-20,North,Grocery,Cooking Oil,Rohan,42,34.13,0.15,1218.44,506.36
ORD-100778,2025-03-30,South,Personal Care,Face Wash,Meera,46,17.78,0.2,654.47,274.4
ORD-100779,2025-02-28,West,Electronics,Bluetooth Speaker,Diya,55,105.42,0.05,5508.34,1752.48
ORD-100780,2025-05-24,North,Grocery,Biscuits,Meera,71,15.64,0.05,1054.69,252.6
ORD-100781,2025-03-11,West,Personal Care,Shampoo,Diya,10,16.74,0.0,167.44,70.19
ORD-100782,2025-01-09,West,Grocery,Pasta,Meera,56,23.03,0.2,1031.93,362.63
ORD-100783,2025-02-19,East,Grocery,Biscuits,Sara,49,15.68,0.1,691.3,267.41
ORD-100784,2025-10-14,South,Beverages,Mineral Water,Diya,17,3.38,0.0,57.38,23.95
ORD-100785,2025-08-12,East,Grocery,Biscuits,Diya,71,14.3,0.0,1015.65,195.62
ORD-100786,2025-12-30,South,Beverages,Mineral Water,Diya,30,3.55,0.0,106.41,27.76
ORD-100787,2025-08-10,East,Grocery,Biscuits,Kabir,17,14.1,0.0,239.73,55.56
ORD-100788,2025-12-09,East,Home & Kitchen,Air Fryer,Sara,49,58.66,0.2,2299.59,602.86
ORD-100789,2025-11-23,South,Electronics,Power Bank,Meera,34,167.96,0.0,5710.74,1877.38
ORD-100790,2025-02-08,North,Beverages,Coffee,Sara,32,5.49,0.0,175.79,48.09
ORD-100791,2025-10-17,East,Home & Kitchen,Mixer Grinder,Rohan,23,103.1,0.05,2252.72,572.86
ORD-100792,2025-02-13,East,Home & Kitchen,Storage Box,Kabir,51,54.52,0.0,2780.53,878.16
ORD-100793,2025-05-12,West,Grocery,Cooking Oil,Sara,25,32.97,0.15,700.7,291.31
ORD-100794,2025-09-13,East,Personal Care,Toothpaste,Kabir,62,15.86,0.1,885.04,204.96
ORD-100795,2025-05-15,South,Beverages,Coffee,Rohan,59,3.64,0.05,203.85,59.5
ORD-100796,2025-02-21,North,Beverages,Green Tea,Sara,57,10.83,0.1,555.4,247.34
ORD-100797,2025-06-01,North,Grocery,Biscuits,Meera,15,34.39,0.0,515.79,130.45
ORD-100798,2025-05-03,North,Electronics,Smart Watch,Meera,34,83.65,0.15,2417.59,863.7
ORD-100799,2025-05-22,South,Home & Kitchen,Mixer Grinder,Meera,46,36.49,0.05,1594.46,559.95
ORD-100800,2025-07-26,East,Beverages,Coffee,Kabir,30,9.01,0.2,216.34,52.2
ORD-100801,2025-06-07,North,Home & Kitchen,Storage Box,Sara,47,118.16,0.15,4720.64,1301.46
ORD-100802,2025-09-08,South,Electronics,Bluetooth Speaker,Diya,51,152.09,0.0,7756.58,3071.28
ORD-100803,2025-01-06,East,Grocery,Cooking Oil,Diya,77,33.81,0.05,2473.56,1181.45
ORD-100804,2025-01-10,West,Home & Kitchen,Storage Box,Rohan,68,114.83,0.1,7027.38,2724.25
ORD-100805,2025-01-04,South,Electronics,Power Bank,Sara,69,88.3,0.15,5178.57,2344.44
ORD-100806,2025-02-25,West,Home & Kitchen,Mixer Grinder,Aarav,41,96.97,0.1,3578.03,1010.73
ORD-100807,2025-05-10,East,Grocery,Cooking Oil,Rohan,41,16.79,0.1,619.47,219.94
ORD-100808,2025-01-10,South,Electronics,Wireless Earbuds,Rohan,41,63.41,0.1,2339.84,736.59
ORD-100809,2025-05-18,West,Personal Care,Body Lotion,Sara,75,7.55,0.0,566.59,121.09
ORD-100810,2025-08-09,East,Beverages,Green Tea,Sara,13,7.57,0.05,93.45,25.76
ORD-100811,2025-05-05,East,Electronics,Bluetooth Speaker,Aarav,20,157.35,0.2,2517.56,910.83
ORD-100812,2025-07-25,West,Electronics,Wireless Earbuds,Meera,79,118.03,0.0,9324.75,2142.83
ORD-100813,2025-01-14,East,Grocery,Biscuits,Rohan,60,32.77,0.1,1769.32,726.83
ORD-100814,2025-02-10,West,Personal Care,Shampoo,Diya,13,24.43,0.05,301.74,77.31
ORD-100815,2025-11-27,West,Home & Kitchen,Storage Box,Sara,53,114.9,0.0,6089.46,1684.94
ORD-100816,2025-09-27,South,Grocery,Biscuits,Diya,71,14.14,0.15,853.43,293.09
ORD-100817,2025-10-30,West,Personal Care,Face Wash,Diya,50,23.92,0.0,1195.89,480.74
ORD-100818,2025-08-15,North,Home & Kitchen,Storage Box,Kabir,10,121.05,0.0,1210.53,404.49
ORD-100819,2025-12-18,East,Personal Care,Body Lotion,Aarav,5,20.0,0.05,95.01,33.44
ORD-100820,2025-05-30,East,Personal Care,Shampoo,Diya,17,7.89,0.0,134.16,57.86
ORD-100821,2025-04-02,East,Beverages,Orange Juice,Aarav,52,2.7,0.0,140.3,36.76
ORD-100822,2025-12-08,East,Beverages,Green Tea,Rohan,52,5.43,0.15,240.04,78.59
ORD-100823,2025-05-02,North,Home & Kitchen,Air Fryer,Meera,51,47.54,0.0,2424.52,956.78
ORD-100824,2025-12-28,North,Beverages,Coffee,Diya,18,5.79,0.0,104.29,20.37
ORD-100825,2025-11-12,North,Grocery,Rice,Sara,28,16.05,0.0,449.3,178.11
ORD-100826,2025-12-29,West,Grocery,Rice,Meera,40,4.21,0.0,168.42,31.05
ORD-100827,2025-06-15,North,Beverages,Coffee,Diya,58,9.77,0.05,538.56,132.99
ORD-100828,2025-11-12,North,Personal Care,Shampoo,Rohan,33,14.13,0.0,466.35,218.91
ORD-100829,2025-02-08,South,Personal Care,Shampoo,Kabir,13,9.08,0.0,118.02,44.48
ORD-100830,2025-06-24,South,Home & Kitchen,Mixer Grinder,Aarav,46,104.85,0.1,4340.8,2078.45
ORD-100831,2025-09-11,North,Beverages,Orange Juice,Kabir,6,7.31,0.1,39.49,12.95
ORD-100832,2025-12-04,West,Personal Care,Face Wash,Aarav,10,11.32,0.1,101.92,40.54
ORD-100833,2025-10-03,South,Home & Kitchen,Mixer Grinder,Rohan,63,97.51,0.05,5835.75,2098.27
ORD-100834,2025-09-11,West,Beverages,Mineral Water,Meera,63,9.23,0.0,581.3,231.94
ORD-100835,2025-06-29,South,Beverages,Green Tea,Sara,17,7.96,0.0,135.24,32.54
ORD-100836,2025-12-26,East,Personal Care,Shampoo,Aarav,76,17.87,0.0,1357.88,326.67
ORD-100837,2025-04-21,North,Grocery,Pasta,Kabir,48,9.63,0.05,438.98,123.89
ORD-100838,2025-04-30,West,Grocery,Biscuits,Sara,20,17.76,0.05,337.35,148.2
ORD-100839,2025-04-20,North,Home & Kitchen,Air Fryer,Sara,23,112.74,0.1,2333.75,483.46
ORD-100840,2025-11-18,West,Electronics,Power Bank,Meera,28,171.71,0.1,4327.16,913.53
ORD-100841,2025-01-22,South,Electronics,Power Bank,Aarav,51,160.52,0.0,8186.39,1595.51
ORD-100842,2025-01-24,East,Home & Kitchen,Mixer Grinder,Meera,46,96.01,0.1,3975.0,1694.49
ORD-100843,2025-05-25,North,Beverages,Mineral Water,Diya,48,9.79,0.2,375.86,136.33
ORD-100844,2025-02-24,North,Personal Care,Body Lotion,Meera,32,8.57,0.0,274.26,99.77
ORD-100845,2025-12-20,East,Grocery,Rice,Diya,7,23.4,0.05,155.58,33.85
ORD-100846,2025-01-06,West,Electronics,Wireless Earbuds,Diya,65,129.85,0.15,7174.05,2078.35
ORD-100847,2025-02-13,South,Beverages,Mineral Water,Diya,13,2.48,0.1,28.99,7.38
ORD-100848,2025-03-31,South,Home & Kitchen,Mixer Grinder,Diya,46,36.88,0.1,1526.83,575.09
ORD-100849,2025-05-03,North,Grocery,Biscuits,Rohan,33,18.52,0.05,580.73,208.09
ORD-100850,2025-06-07,North,Personal Care,Body Lotion,Diya,75,19.44,0.0,1457.93,507.23
ORD-100851,2025-08-14,West,Home & Kitchen,Storage Box,Kabir,77,91.31,0.2,5624.97,1333.91
ORD-100852,2025-12-16,North,Grocery,Rice,Kabir,48,27.25,0.1,1177.01,319.43
ORD-100853,2025-12-11,East,Beverages,Coffee,Diya,36,3.58,0.05,122.4,45.09
ORD-100854,2025-09-03,East,Home & Kitchen,Mixer Grinder,Meera,51,103.29,0.0,5267.97,1729.77
ORD-100855,2025-06-02,West,Electronics,Power Bank,Diya,43,81.21,0.0,3492.0,1643.0
ORD-100856,2025-12-02,East,Electronics,Bluetooth Speaker,Meera,62,121.47,0.0,7531.01,1408.08
ORD-100857,2025-01-26,South,Beverages,Green Tea,Aarav,70,3.81,0.15,226.41,77.15
ORD-100858,2025-12-22,East,Personal Care,Toothpaste,Diya,13,18.52,0.05,228.72,62.03
ORD-100859,2025-08-28,South,Beverages,Mineral Water,Sara,55,10.9,0.0,599.35,159.83
ORD-100860,2025-10-25,South,Electronics,Power Bank,Sara,49,135.1,0.0,6619.82,3020.36
ORD-100861,2025-05-12,West,Electronics,Smart Watch,Sara,33,92.91,0.0,3066.17,1430.91
ORD-100862,2025-02-10,North,Personal Care,Face Wash,Meera,56,11.99,0.0,671.5,304.35
ORD-100863,2025-05-22,West,Home & Kitchen,Storage Box,Meera,63,94.57,0.15,5064.11,1128.77
ORD-100864,2025-12-01,South,Beverages,Mineral Water,Diya,26,8.03,0.0,208.81,80.08
ORD-100865,2025-09-05,East,Personal Care,Shampoo,Sara,59,3.67,0.05,205.77,76.51
ORD-100866,2025-02-12,North,Grocery,Rice,Aarav,3,23.85,0.05,67.97,29.94
ORD-100867,2025-12-13,North,Electronics,Power Bank,Diya,48,80.79,0.05,3683.97,1237.4
ORD-100868,2025-09-19,East,Grocery,Cooking Oil,Diya,28,14.04,0.05,373.41,126.08
ORD-100869,2025-01-24,West,Home & Kitchen,Mixer Grinder,Aarav,14,121.4,0.15,1444.69,542.3
ORD-100870,2025-11-10,West,Personal Care,Face Wash,Meera,29,19.15,0.05,527.64,249.17
ORD-100871,2025-05-31,South,Personal Care,Toothpaste,Sara,50,23.77,0.1,1069.54,497.39
ORD-100872,2025-09-20,North,Electronics,Smart Watch,Kabir,6,73.98,0.05,421.71,86.73
ORD-100873,2025-09-29,North,Home & Kitchen,Cookware Set,Sara,19,123.23,0.05,2224.27,802.56
ORD-100874,2025-08-12,North,Grocery,Rice,Diya,58,31.79,0.2,1474.87,492.2
ORD-100875,2025-01-17,West,Home & Kitchen,Cookware Set,Rohan,4,65.12,0.2,208.37,53.38
ORD-100876,2025-08-10,West,Home & Kitchen,Storage Box,Kabir,49,47.31,0.05,2202.36,895.07
ORD-100877,2025-04-09,South,Electronics,Smart Watch,Diya,14,90.4,0.05,1202.39,426.94
ORD-100878,2025-03-31,West,Beverages,Mineral Water,Kabir,62,3.35,0.2,166.1,40.65
ORD-100879,2025-09-21,West,Beverages,Mineral Water,Diya,27,5.34,0.1,129.67,31.83
ORD-100880,2025-05-23,North,Personal Care,Toothpaste,Meera,64,10.93,0.1,629.82,120.73
ORD-100881,2025-01-03,South,Electronics,Bluetooth Speaker,Diya,4,78.59,0.05,298.63,69.11
ORD-100882,2025-03-30,South,Home & Kitchen,Storage Box,Rohan,72,82.41,0.0,5933.4,1095.03
ORD-100883,2025-06-09,East,Beverages,Green Tea,Rohan,68,3.51,0.15,202.76,93.41
ORD-100884,2025-10-04,West,Beverages,Orange Juice,Meera,56,2.45,0.15,116.62,21.27
ORD-100885,2025-06-13,North,Home & Kitchen,Mixer Grinder,Rohan,40,85.07,0.0,3402.69,749.08
ORD-100886,2025-09-14,North,Electronics,Wireless Earbuds,Kabir,43,169.31,0.0,7280.53,2959.82
ORD-100887,2025-11-04,North,Home & Kitchen,Air Fryer,Sara,38,57.82,0.05,2087.27,842.82
ORD-100888,2025-07-28,North,Electronics,Power Bank,Sara,34,143.82,0.0,4889.86,1352.25
ORD-100889,2025-12-21,East,Home & Kitchen,Cookware Set,Kabir,42,90.15,0.0,3786.13,1121.24
ORD-100890,2025-08-28,West,Home & Kitchen,Cookware Set,Meera,64,21.73,0.0,1390.6,404.56
ORD-100891,2025-01-06,South,Home & Kitchen,Cookware Set,Diya,67,112.09,0.1,6758.83,1853.14
ORD-100892,2025-04-24,West,Beverages,Orange Juice,Meera,46,2.7,0.1,111.73,44.83
ORD-100893,2025-05-25,West,Personal Care,Toothpaste,Meera,61,18.34,0.05,1062.7,440.81
ORD-100894,2025-12-31,North,Beverages,Coffee,Diya,12,6.65,0.05,75.75,16.21
ORD-100895,2025-05-03,North,Grocery,Biscuits,Sara,3,26.46,0.1,71.45,22.18
ORD-100896,2025-11-12,West,Grocery,Cooking Oil,Meera,16,22.15,0.05,336.62,148.79
ORD-100897,2025-05-21,East,Personal Care,Body Lotion,Meera,28,21.92,0.0,613.88,158.97
ORD-100898,2025-07-12,West,Beverages,Green Tea,Aarav,39,7.69,0.0,299.76,81.95
ORD-100899,2025-05-14,South,Grocery,Cooking Oil,Meera,18,11.22,0.1,181.78,59.02
ORD-100900,2025-03-06,East,Beverages,Mineral Water,Rohan,42,4.99,0.0,209.5,78.7
ORD-100901,2025-03-16,North,Grocery,Cooking Oil,Kabir,64,7.91,0.05,480.7,90.36
ORD-100902,2025-11-17,North,Beverages,Coffee,Aarav,16,11.76,0.0,188.11,52.46
ORD-100903,2025-12-27,North,Beverages,Mineral Water,Meera,8,5.65,0.1,40.67,7.73
ORD-100904,2025-05-11,West,Beverages,Orange Juice,Rohan,48,4.52,0.0,217.04,42.53
ORD-100905,2025-02-25,East,Grocery,Cooking Oil,Meera,8,9.0,0.1,64.81,18.73
ORD-100906,2025-08-19,North,Grocery,Cooking Oil,Meera,69,21.51,0.0,1484.16,600.96
ORD-100907,2025-01-07,North,Grocery,Cooking Oil,Rohan,74,32.24,0.05,2266.39,1066.26
ORD-100908,2025-07-06,North,Grocery,Cooking Oil,Meera,10,23.09,0.2,184.7,61.29
ORD-100909,2025-01-30,South,Grocery,Pasta,Aarav,68,33.48,0.0,2276.63,734.94
ORD-100910,2025-08-07,South,Electronics,Bluetooth Speaker,Rohan,71,41.93,0.0,2977.31,1298.61
ORD-100911,2025-01-26,South,Beverages,Coffee,Sara,51,7.22,0.05,349.59,99.29
ORD-100912,2025-07-23,North,Personal Care,Toothpaste,Aarav,27,12.19,0.0,329.13,103.17
ORD-100913,2025-08-09,East,Beverages,Coffee,Aarav,11,2.74,0.1,27.08,6.06
ORD-100914,2025-04-30,East,Grocery,Biscuits,Aarav,79,18.28,0.05,1371.85,583.85
ORD-100915,2025-10-24,East,Electronics,Bluetooth Speaker,Aarav,44,49.63,0.15,1856.15,608.74
ORD-100916,2025-07-12,West,Electronics,Smart Watch,Sara,52,120.56,0.0,6269.2,2875.68
ORD-100917,2025-02-21,East,Home & Kitchen,Mixer Grinder,Diya,15,107.9,0.0,1618.46,601.64
ORD-100918,2025-12-13,East,Grocery,Biscuits,Sara,60,20.85,0.1,1125.91,334.25
ORD-100919,2025-10-17,East,Electronics,Wireless Earbuds,Aarav,13,34.35,0.05,424.2,178.14
ORD-100920,2025-06-17,West,Grocery,Biscuits,Aarav,25,3.59,0.15,76.23,27.54
ORD-100921,2025-08-21,West,Electronics,Bluetooth Speaker,Meera,22,30.32,0.15,566.99,124.04
ORD-100922,2025-04-12,West,Home & Kitchen,Air Fryer,Meera,45,88.83,0.0,3997.32,1231.2
ORD-100923,2025-04-09,West,Beverages,Mineral Water,Aarav,24,3.41,0.0,81.81,28.28
ORD-100924,2025-03-09,East,Personal Care,Shampoo,Meera,72,6.37,0.0,458.6,204.27
ORD-100925,2025-03-21,South,Grocery,Cooking Oil,Aarav,25,22.22,0.1,499.87,179.32
ORD-100926,2025-11-10,West,Personal Care,Shampoo,Kabir,52,3.17,0.2,132.07,44.3
ORD-100927,2025-01-18,East,Electronics,Power Bank,Kabir,64,58.61,0.0,3751.27,682.73
ORD-100928,2025-03-06,North,Personal Care,Body Lotion,Aarav,52,14.23,0.05,702.93,201.73
ORD-100929,2025-09-30,West,Grocery,Rice,Sara,53,31.43,0.0,1665.66,789.43
ORD-100930,2025-08-09,South,Grocery,Cooking Oil,Meera,6,26.31,0.0,157.86,54.34
ORD-100931,2025-01-22,North,Home & Kitchen,Air Fryer,Diya,52,61.74,0.05,3050.0,752.43
ORD-100932,2025-02-09,North,Electronics,Bluetooth Speaker,Rohan,65,47.33,0.05,2922.5,843.04
ORD-100933,2025-06-10,South,Electronics,Smart Watch,Rohan,18,56.36,0.0,1014.51,301.85
ORD-100934,2025-01-07,South,Grocery,Rice,Kabir,15,9.4,0.15,119.89,32.72
ORD-100935,2025-03-16,South,Beverages,Coffee,Rohan,61,5.11,0.0,311.65,147.1
ORD-100936,2025-01-02,South,Beverages,Mineral Water,Rohan,59,11.12,0.15,557.69,184.68
ORD-100937,2025-11-03,East,Home & Kitchen,Cookware Set,Aarav,63,103.85,0.0,6542.31,2215.79
ORD-100938,2025-11-07,West,Home & Kitchen,Storage Box,Diya,65,41.26,0.0,2681.81,982.77
ORD-100939,2025-01-05,North,Beverages,Coffee,Diya,56,5.6,0.05,298.13,96.73
ORD-100940,2025-07-02,North,Home & Kitchen,Storage Box,Aarav,24,67.94,0.0,1630.59,330.24
ORD-100941,2025-10-24,West,Beverages,Coffee,Sara,53,4.5,0.0,238.36,89.14
ORD-100942,2025-03-28,North,Grocery,Cooking Oil,Kabir,35,3.29,0.15,97.98,30.14
ORD-100943,2025-10-02,North,Home & Kitchen,Storage Box,Kabir,72,96.94,0.15,5932.66,2446.36
ORD-100944,2025-03-15,East,Grocery,Cooking Oil,Meera,50,30.35,0.0,1517.33,439.72
ORD-100945,2025-12-07,North,Grocery,Biscuits,Meera,27,31.41,0.0,848.14,271.21
ORD-100946,2025-08-06,North,Beverages,Green Tea,Sara,14,8.65,0.1,108.93,35.97
ORD-100947,2025-01-28,West,Electronics,Wireless Earbuds,Diya,24,62.19,0.0,1492.54,364.32
ORD-100948,2025-07-29,South,Beverages,Green Tea,Rohan,60,4.41,0.1,238.18,79.57
ORD-100949,2025-04-23,South,Personal Care,Shampoo,Meera,60,13.11,0.0,786.74,147.16
ORD-100950,2025-01-06,North,Beverages,Coffee,Meera,53,3.8,0.0,201.22,57.81
ORD-100951,2025-12-06,East,Beverages,Coffee,Rohan,67,3.05,0.05,194.31,57.85
ORD-100952,2025-12-17,West,Home & Kitchen,Air Fryer,Kabir,52,58.34,0.0,3033.52,1049.52
ORD-100953,2025-01-08,North,Electronics,Wireless Earbuds,Kabir,31,134.76,0.0,4177.5,1808.27
ORD-100954,2025-05-25,West,Electronics,Wireless Earbuds,Diya,44,100.49,0.0,4421.45,1279.89
ORD-100955,2025-07-22,North,Personal Care,Body Lotion,Diya,58,24.92,0.0,1445.45,292.4
ORD-100956,2025-03-01,West,Electronics,Bluetooth Speaker,Meera,43,135.61,0.15,4956.61,1453.84
ORD-100957,2025-09-15,East,Home & Kitchen,Air Fryer,Sara,3,97.34,0.05,277.41,97.51
ORD-100958,2025-12-18,East,Home & Kitchen,Mixer Grinder,Aarav,51,119.93,0.0,6116.63,1585.31
ORD-100959,2025-06-22,West,Grocery,Rice,Diya,39,15.08,0.2,470.52,194.7
ORD-100960,2025-02-08,East,Home & Kitchen,Air Fryer,Diya,35,108.2,0.1,3408.18,906.14
ORD-100961,2025-05-18,North,Home & Kitchen,Storage Box,Meera,12,116.16,0.0,1393.86,461.25
ORD-100962,2025-09-01,North,Beverages,Green Tea,Meera,44,10.69,0.0,470.23,88.17
ORD-100963,2025-10-06,West,Personal Care,Toothpaste,Kabir,64,23.84,0.0,1525.76,561.51
ORD-100964,2025-04-19,South,Home & Kitchen,Air Fryer,Aarav,36,82.83,0.0,2981.86,1230.48
ORD-100965,2025-04-30,North,Beverages,Coffee,Kabir,14,5.02,0.15,59.74,26.77
ORD-100966,2025-06-26,West,Electronics,Bluetooth Speaker,Diya,22,128.38,0.1,2541.87,974.89
ORD-100967,2025-11-20,East,Beverages,Green Tea,Aarav,73,2.08,0.15,129.36,60.38
ORD-100968,2025-05-05,South,Beverages,Coffee,Kabir,24,9.91,0.0,237.74,75.66
ORD-100969,2025-01-01,West,Beverages,Mineral Water,Diya,72,10.26,0.15,628.16,265.82
ORD-100970,2025-03-22,East,Home & Kitchen,Mixer Grinder,Rohan,42,124.13,0.0,5213.45,2432.68
ORD-100971,2025-09-30,East,Beverages,Mineral Water,Kabir,29,4.43,0.05,122.07,58.58
ORD-100972,2025-12-03,North,Home & Kitchen,Storage Box,Meera,79,111.17,0.1,7904.43,2446.2
ORD-100973,2025-01-15,North,Home & Kitchen,Air Fryer,Aarav,22,67.17,0.1,1329.98,414.1
ORD-100974,2025-09-11,North,Electronics,Wireless Earbuds,Rohan,5,134.27,0.1,604.21,156.25
ORD-100975,2025-08-10,North,Beverages,Green Tea,Aarav,30,7.28,0.0,218.28,51.02
ORD-100976,2025-03-06,South,Personal Care,Face Wash,Diya,79,9.9,0.0,782.08,284.14
ORD-100977,2025-10-23,West,Beverages,Green Tea,Kabir,63,11.82,0.15,633.05,225.86
ORD-100978,2025-05-18,West,Home & Kitchen,Air Fryer,Sara,10,52.61,0.0,526.07,127.76
ORD-100979,2025-08-03,East,Electronics,Wireless Earbuds,Rohan,68,75.37,0.05,4869.14,2269.53
ORD-100980,2025-12-26,East,Electronics,Power Bank,Kabir,63,50.32,0.05,3011.83,1332.02
ORD-100981,2025-03-09,West,Electronics,Bluetooth Speaker,Rohan,67,27.92,0.05,1777.1,326.61
ORD-100982,2025-03-31,East,Home & Kitchen,Storage Box,Meera,74,78.49,0.0,5807.98,2741.54
ORD-100983,2025-06-08,East,Home & Kitchen,Storage Box,Rohan,79,58.3,0.0,4605.58,1095.27
ORD-100984,2025-07-11,North,Grocery,Cooking Oil,Diya,29,31.32,0.0,908.39,205.7
ORD-100985,2025-09-12,North,Home & Kitchen,Cookware Set,Rohan,16,131.19,0.1,1889.18,353.82
ORD-100986,2025-01-07,West,Beverages,Coffee,Sara,77,7.45,0.05,544.76,169.94
ORD-100987,2025-11-11,South,Personal Care,Body Lotion,Rohan,55,18.61,0.05,972.25,410.31
ORD-100988,2025-09-06,North,Personal Care,Shampoo,Rohan,71,8.17,0.0,580.34,235.99
ORD-100989,2025-04-18,West,Personal Care,Body Lotion,Kabir,46,18.0,0.0,827.98,194.49
ORD-100990,2025-10-06,South,Beverages,Orange Juice,Meera,68,3.43,0.05,221.69,63.4
ORD-100991,2025-08-05,North,Home & Kitchen,Cookware Set,Aarav,32,130.93,0.05,3980.21,1659.84
ORD-100992,2025-03-15,West,Home & Kitchen,Storage Box,Meera,79,17.88,0.0,1412.82,268.86
ORD-100993,2025-12-30,North,Home & Kitchen,Air Fryer,Kabir,3,38.48,0.05,109.66,36.66
ORD-100994,2025-02-10,West,Home & Kitchen,Cookware Set,Meera,73,50.36,0.2,2940.8,1207.93
ORD-100995,2025-03-28,West,Grocery,Biscuits,Sara,34,19.98,0.0,679.24,153.27
ORD-100996,2025-01-31,North,Grocery,Pasta,Kabir,43,27.75,0.05,1133.5,484.74
ORD-100997,2025-11-30,East,Electronics,Power Bank,Diya,77,20.62,0.0,1588.02,667.15
ORD-100998,2025-06-20,North,Personal Care,Shampoo,Meera,30,4.47,0.0,134.09,56.44
ORD-100999,2025-11-22,West,Grocery,Pasta,Diya,6,6.25,0.0,37.47,6.82
ORD-101000,2025-08-21,North,Personal Care,Face Wash,Sara,24,10.57,0.1,228.34,56.77
ORD-101001,2025-03-08,North,Electronics,Power Bank,Aarav,15,143.57,0.0,2153.49,528.37
ORD-101002,2025-07-20,West,Electronics,Wireless Earbuds,Kabir,9,45.8,0.2,329.75,68.61
ORD-101003,2025-08-17,North,Personal Care,Body Lotion,Sara,39,17.35,0.05,642.99,174.45
ORD-101004,2025-01-24,South,Electronics,Bluetooth Speaker,Aarav,21,129.77,0.15,2316.31,782.84
ORD-101005,2025-10-25,West,Beverages,Orange Juice,Diya,20,10.43,0.15,177.28,73.69
ORD-101006,2025-12-05,North,Beverages,Mineral Water,Sara,47,5.94,0.05,265.24,62.9
ORD-101007,2025-09-19,East,Beverages,Coffee,Kabir,35,3.74,0.05,124.5,43.95
ORD-101008,2025-05-27,West,Home & Kitchen,Storage Box,Rohan,34,25.86,0.05,835.22,283.3
ORD-101009,2025-03-05,East,Home & Kitchen,Mixer Grinder,Kabir,49,86.69,0.05,4035.42,1418.4
ORD-101010,2025-10-20,South,Grocery,Rice,Kabir,25,30.86,0.1,694.31,243.32
ORD-101011,2025-09-01,South,Beverages,Mineral Water,Aarav,74,11.49,0.0,850.33,259.15
ORD-101012,2025-05-19,South,Beverages,Orange Juice,Sara,38,9.78,0.05,352.93,97.11
ORD-101013,2025-09-10,North,Electronics,Smart Watch,Rohan,68,44.71,0.05,2888.28,1323.85
ORD-101014,2025-12-20,West,Grocery,Cooking Oil,Diya,72,23.02,0.0,1657.17,547.9
ORD-101015,2025-07-06,North,Grocery,Rice,Aarav,20,13.08,0.0,261.56,70.79
ORD-101016,2025-10-05,South,Beverages,Coffee,Aarav,49,9.02,0.0,441.9,208.11
ORD-101017,2025-02-12,North,Beverages,Mineral Water,Meera,17,9.96,0.05,160.79,41.0
ORD-101018,2025-02-05,South,Personal Care,Face Wash,Rohan,37,14.67,0.15,461.44,154.98
ORD-101019,2025-04-18,West,Grocery,Cooking Oil,Aarav,41,17.5,0.05,681.76,147.6
ORD-101020,2025-11-06,West,Personal Care,Face Wash,Aarav,23,24.57,0.05,536.96,148.59
ORD-101021,2025-03-13,South,Grocery,Pasta,Aarav,40,27.3,0.0,1091.86,339.38
ORD-101022,2025-03-05,South,Personal Care,Shampoo,Diya,71,16.46,0.15,993.41,322.07
ORD-101023,2025-07-28,East,Beverages,Mineral Water,Sara,78,4.58,0.0,357.28,70.63
ORD-101024,2025-10-16,North,Home & Kitchen,Air Fryer,Rohan,67,119.44,0.0,8002.54,3204.53
ORD-101025,2025-12-31,North,Personal Care,Toothpaste,Kabir,52,23.46,0.0,1219.7,334.38
ORD-101026,2025-03-20,West,Beverages,Orange Juice,Diya,10,4.49,0.0,44.91,15.86
ORD-101027,2025-11-14,North,Home & Kitchen,Mixer Grinder,Sara,28,108.02,0.05,2873.28,1155.61
ORD-101028,2025-04-02,West,Home & Kitchen,Air Fryer,Rohan,57,36.93,0.05,1999.57,378.65
ORD-101029,2025-02-22,East,Beverages,Mineral Water,Kabir,16,5.06,0.05,76.98,35.53
ORD-101030,2025-07-20,East,Beverages,Coffee,Diya,28,4.29,0.1,108.13,48.61
ORD-101031,2025-08-17,West,Beverages,Green Tea,Diya,58,4.65,0.0,269.7,106.63
ORD-101032,2025-08-25,East,Electronics,Bluetooth Speaker,Meera,74,141.18,0.0,10447.52,4768.66
ORD-101033,2025-12-12,East,Electronics,Power Bank,Rohan,11,143.62,0.0,1579.86,329.01
ORD-101034,2025-09-15,North,Personal Care,Toothpaste,Meera,36,18.94,0.0,681.87,198.27
ORD-101035,2025-02-09,East,Personal Care,Shampoo,Aarav,40,7.58,0.0,303.09,142.46
ORD-101036,2025-01-19,East,Personal Care,Toothpaste,Kabir,44,24.9,0.0,1095.77,362.92
ORD-101037,2025-03-14,West,Electronics,Power Bank,Aarav,10,142.31,0.05,1351.94,304.22
ORD-101038,2025-05-18,North,Personal Care,Face Wash,Diya,3,24.17,0.1,65.25,30.87
ORD-101039,2025-12-12,North,Beverages,Orange Juice,Sara,26,6.03,0.0,156.78,37.18
ORD-101040,2025-12-06,East,Home & Kitchen,Storage Box,Meera,27,135.54,0.1,3293.58,1579.89
ORD-101041,2025-03-31,East,Home & Kitchen,Mixer Grinder,Aarav,57,37.77,0.15,1829.85,680.72
ORD-101042,2025-04-05,West,Personal Care,Body Lotion,Meera,9,16.58,0.15,126.87,35.79
ORD-101043,2025-04-08,South,Grocery,Cooking Oil,Sara,37,17.26,0.0,638.6,233.07
ORD-101044,2025-12-09,South,Home & Kitchen,Air Fryer,Sara,2,84.38,0.0,168.76,71.51
ORD-101045,2025-11-27,East,Grocery,Biscuits,Rohan,43,15.35,0.05,627.16,134.31
ORD-101046,2025-11-30,South,Home & Kitchen,Storage Box,Diya,35,81.43,0.0,2850.19,1238.96
ORD-101047,2025-09-20,East,Beverages,Mineral Water,Meera,19,3.18,0.1,54.38,16.95
ORD-101048,2025-03-07,West,Beverages,Mineral Water,Kabir,46,9.64,0.15,376.86,71.39
ORD-101049,2025-10-19,North,Personal Care,Face Wash,Rohan,64,15.44,0.1,889.49,349.97
ORD-101050,2025-12-22,East,Personal Care,Body Lotion,Kabir,77,23.56,0.1,1632.81,664.96
ORD-101051,2025-08-27,North,Personal Care,Toothpaste,Diya,66,8.79,0.05,551.12,121.82
ORD-101052,2025-11-29,East,Home & Kitchen,Cookware Set,Meera,14,56.04,0.05,745.33,177.81
ORD-101053,2025-10-09,South,Grocery,Rice,Aarav,30,15.82,0.0,474.62,122.58
ORD-101054,2025-03-20,North,Personal Care,Toothpaste,Aarav,39,9.18,0.0,358.11,75.36
ORD-101055,2025-11-22,South,Home & Kitchen,Storage Box,Sara,32,123.98,0.0,3967.5,1805.76
ORD-101056,2025-07-09,North,Personal Care,Toothpaste,Meera,17,9.85,0.1,150.7,45.64
ORD-101057,2025-07-06,East,Grocery,Cooking Oil,Meera,45,28.93,0.0,1301.85,362.32
ORD-101058,2025-02-27,South,Personal Care,Toothpaste,Aarav,44,6.8,0.05,284.25,99.89
ORD-101059,2025-01-23,South,Electronics,Bluetooth Speaker,Sara,42,86.86,0.0,3648.15,1266.31
ORD-101060,2025-09-02,West,Beverages,Orange Juice,Rohan,27,2.77,0.0,74.84,18.19
ORD-101061,2025-12-10,South,Electronics,Bluetooth Speaker,Rohan,16,144.53,0.05,2196.82,942.08
ORD-101062,2025-04-30,South,Electronics,Bluetooth Speaker,Aarav,9,128.63,0.1,1041.89,456.56
ORD-101063,2025-05-06,North,Beverages,Orange Juice,Diya,60,4.0,0.0,240.21,101.71
ORD-101064,2025-09-20,North,Grocery,Biscuits,Rohan,45,28.0,0.0,1260.04,336.97
ORD-101065,2025-12-03,West,Grocery,Biscuits,Kabir,47,21.79,0.0,1024.22,486.23
ORD-101066,2025-08-14,West,Home & Kitchen,Mixer Grinder,Kabir,26,42.58,0.0,1107.14,311.95
ORD-101067,2025-04-24,East,Home & Kitchen,Mixer Grinder,Sara,49,35.7,0.0,1749.13,488.95
ORD-101068,2025-03-07,North,Home & Kitchen,Mixer Grinder,Meera,2,31.07,0.0,62.14,28.34
ORD-101069,2025-04-25,North,Beverages,Coffee,Aarav,71,5.77,0.0,409.46,137.47
ORD-101070,2025-02-05,North,Beverages,Coffee,Rohan,67,8.74,0.1,527.09,135.95
ORD-101071,2025-03-09,South,Home & Kitchen,Mixer Grinder,Aarav,61,114.08,0.05,6610.88,1543.6
ORD-101072,2025-06-19,North,Grocery,Pasta,Diya,42,8.6,0.05,343.12,159.5
ORD-101073,2025-10-10,South,Electronics,Wireless Earbuds,Sara,40,108.82,0.0,4352.92,1910.93
ORD-101074,2025-07-24,East,Electronics,Wireless Earbuds,Diya,33,69.8,0.0,2303.51,1012.78
ORD-101075,2025-07-10,South,Beverages,Mineral Water,Rohan,25,2.92,0.0,72.93,13.97
ORD-101076,2025-12-07,South,Beverages,Green Tea,Sara,24,5.61,0.1,121.24,26.33
ORD-101077,2025-12-24,East,Personal Care,Shampoo,Meera,41,20.06,0.0,822.34,178.75
ORD-101078,2025-01-04,North,Grocery,Pasta,Meera,5,13.51,0.0,67.54,18.39
ORD-101079,2025-10-25,South,Electronics,Smart Watch,Sara,28,157.29,0.0,4404.05,1017.36
ORD-101080,2025-12-18,East,Grocery,Biscuits,Kabir,51,17.78,0.05,861.36,357.23
ORD-101081,2025-06-23,North,Personal Care,Shampoo,Aarav,27,19.19,0.0,518.24,98.42
ORD-101082,2025-01-20,South,Grocery,Rice,Aarav,34,8.61,0.0,292.86,68.07
ORD-101083,2025-12-23,West,Home & Kitchen,Mixer Grinder,Rohan,25,36.46,0.1,820.39,351.78
ORD-101084,2025-06-08,North,Electronics,Power Bank,Aarav,67,163.5,0.05,10406.86,4394.39
ORD-101085,2025-06-19,East,Home & Kitchen,Cookware Set,Rohan,28,103.27,0.0,2891.51,993.78
ORD-101086,2025-09-14,South,Grocery,Biscuits,Rohan,42,27.96,0.05,1115.5,480.15
ORD-101087,2025-04-20,East,Beverages,Mineral Water,Diya,34,8.76,0.0,297.79,69.72
ORD-101088,2025-07-22,West,Electronics,Bluetooth Speaker,Rohan,52,150.1,0.1,7024.84,3118.12
ORD-101089,2025-10-22,East,Beverages,Coffee,Diya,67,3.59,0.1,216.38,48.83
ORD-101090,2025-07-07,East,Home & Kitchen,Cookware Set,Diya,35,55.16,0.0,1930.45,763.84
ORD-101091,2025-06-30,West,Beverages,Mineral Water,Kabir,21,8.9,0.0,186.93,47.69
ORD-101092,2025-01-08,North,Home & Kitchen,Mixer Grinder,Sara,6,68.0,0.15,346.8,90.06
ORD-101093,2025-11-18,South,Home & Kitchen,Mixer Grinder,Rohan,65,57.67,0.0,3748.65,1771.89
ORD-101094,2025-02-25,West,Personal Care,Toothpaste,Sara,62,18.38,0.05,1082.42,209.54
ORD-101095,2025-12-29,North,Grocery,Rice,Kabir,59,24.93,0.0,1471.06,699.07
ORD-101096,2025-12-27,East,Home & Kitchen,Cookware Set,Meera,61,91.62,0.05,5309.3,2542.66
ORD-101097,2025-11-23,South,Grocery,Biscuits,Kabir,23,13.66,0.2,251.28,88.15
ORD-101098,2025-03-25,East,Beverages,Coffee,Aarav,52,10.61,0.1,496.51,123.49
ORD-101099,2025-07-11,East,Personal Care,Toothpaste,Meera,5,8.32,0.0,41.6,10.11
ORD-101100,2025-10-22,West,Personal Care,Shampoo,Kabir,28,15.96,0.0,446.98,127.02
ORD-101101,2025-05-21,West,Beverages,Coffee,Diya,46,3.12,0.1,128.96,38.96
ORD-101102,2025-11-06,East,Beverages,Coffee,Diya,35,3.53,0.05,117.51,27.06
ORD-101103,2025-03-14,South,Grocery,Rice,Sara,72,23.92,0.05,1636.45,542.56
ORD-101104,2025-10-06,South,Grocery,Pasta,Sara,74,8.9,0.0,658.88,269.48
ORD-101105,2025-04-27,East,Grocery,Cooking Oil,Sara,34,4.95,0.15,143.0,63.17
ORD-101106,2025-04-06,West,Personal Care,Shampoo,Aarav,63,3.08,0.05,184.48,75.77
ORD-101107,2025-11-01,West,Personal Care,Face Wash,Sara,13,8.26,0.0,107.41,35.59
ORD-101108,2025-09-03,West,Beverages,Coffee,Diya,36,11.78,0.0,424.24,185.63
ORD-101109,2025-01-12,East,Home & Kitchen,Mixer Grinder,Aarav,62,136.36,0.0,8454.17,2513.93
ORD-101110,2025-08-04,North,Electronics,Bluetooth Speaker,Kabir,33,153.11,0.05,4799.97,1997.09
ORD-101111,2025-03-15,South,Home & Kitchen,Storage Box,Rohan,53,111.51,0.0,5909.79,1558.04
ORD-101112,2025-08-28,East,Personal Care,Toothpaste,Kabir,27,13.45,0.0,363.05,150.77
ORD-101113,2025-05-19,West,Electronics,Smart Watch,Sara,41,83.5,0.15,2909.92,662.02
ORD-101114,2025-03-14,North,Electronics,Bluetooth Speaker,Meera,34,138.9,0.15,4014.14,1045.18
ORD-101115,2025-11-25,West,Home & Kitchen,Cookware Set,Meera,65,40.78,0.0,2650.72,858.54
ORD-101116,2025-01-30,South,Personal Care,Body Lotion,Meera,8,21.54,0.0,172.31,45.55
ORD-101117,2025-03-03,West,Home & Kitchen,Mixer Grinder,Kabir,9,53.46,0.05,457.07,124.44
ORD-101118,2025-09-13,North,Home & Kitchen,Air Fryer,Kabir,65,119.56,0.1,6994.07,2599.05
ORD-101119,2025-03-12,East,Personal Care,Face Wash,Meera,35,22.86,0.0,800.2,309.68
ORD-101120,2025-10-05,West,Beverages,Green Tea,Meera,58,7.67,0.0,445.03,136.02
ORD-101121,2025-09-23,South,Home & Kitchen,Cookware Set,Rohan,7,23.54,0.0,164.76,68.07
ORD-101122,2025-05-18,South,Home & Kitchen,Cookware Set,Meera,70,15.2,0.15,904.19,421.86
ORD-101123,2025-01-12,East,Home & Kitchen,Mixer Grinder,Sara,56,93.98,0.0,5263.0,1395.42
ORD-101124,2025-08-17,East,Grocery,Rice,Rohan,6,11.57,0.1,62.47,22.31
ORD-101125,2025-10-29,West,Personal Care,Body Lotion,Sara,54,7.35,0.2,317.61,108.0
ORD-101126,2025-12-07,West,Beverages,Coffee,Rohan,75,8.44,0.0,632.84,154.84
ORD-101127,2025-05-25,East,Personal Care,Body Lotion,Aarav,24,4.98,0.0,119.44,36.54
ORD-101128,2025-06-11,North,Personal Care,Toothpaste,Meera,70,23.1,0.05,1535.91,490.83
ORD-101129,2025-05-30,South,Home & Kitchen,Air Fryer,Diya,61,22.27,0.0,1358.6,288.4
ORD-101130,2025-03-29,South,Personal Care,Shampoo,Meera,33,24.9,0.1,739.48,273.74
ORD-101131,2025-09-22,South,Home & Kitchen,Storage Box,Meera,63,19.84,0.0,1249.72,408.36
ORD-101132,2025-05-18,West,Beverages,Green Tea,Aarav,16,8.2,0.0,131.23,47.32
ORD-101133,2025-10-04,North,Grocery,Rice,Kabir,64,28.34,0.0,1813.73,781.48
ORD-101134,2025-05-06,North,Grocery,Pasta,Sara,65,11.19,0.1,654.66,192.89
ORD-101135,2025-11-23,South,Grocery,Rice,Meera,49,34.52,0.1,1522.29,367.72
ORD-101136,2025-09-01,West,Home & Kitchen,Cookware Set,Rohan,52,108.93,0.0,5664.52,1447.85
ORD-101137,2025-07-17,West,Personal Care,Face Wash,Kabir,63,22.52,0.15,1205.69,217.37
ORD-101138,2025-05-12,East,Electronics,Bluetooth Speaker,Kabir,52,57.84,0.0,3007.58,971.45
ORD-101139,2025-07-04,West,Home & Kitchen,Air Fryer,Kabir,36,120.62,0.0,4342.43,1086.59
ORD-101140,2025-03-17,South,Electronics,Wireless Earbuds,Rohan,3,59.02,0.05,168.21,63.97
ORD-101141,2025-10-24,North,Personal Care,Body Lotion,Rohan,75,4.63,0.0,347.0,74.32
ORD-101142,2025-07-08,North,Home & Kitchen,Cookware Set,Diya,5,28.54,0.1,128.42,26.16
ORD-101143,2025-09-06,West,Electronics,Bluetooth Speaker,Meera,30,148.36,0.05,4228.34,1372.44
ORD-101144,2025-05-10,North,Electronics,Power Bank,Diya,39,56.22,0.2,1754.02,814.15
ORD-101145,2025-10-02,North,Grocery,Cooking Oil,Meera,32,9.19,0.0,294.04,101.48
ORD-101146,2025-04-28,North,Personal Care,Body Lotion,Meera,43,14.25,0.05,582.25,144.97
ORD-101147,2025-02-19,South,Beverages,Mineral Water,Diya,69,7.06,0.1,438.14,89.01
ORD-101148,2025-01-20,North,Beverages,Orange Juice,Meera,35,5.83,0.0,203.88,71.02
ORD-101149,2025-12-09,East,Grocery,Rice,Aarav,29,26.33,0.1,687.32,166.14
ORD-101150,2025-04-29,South,Home & Kitchen,Mixer Grinder,Sara,54,103.16,0.0,5570.49,1743.66
ORD-101151,2025-12-21,South,Grocery,Pasta,Diya,79,12.68,0.1,901.44,193.05
ORD-101152,2025-10-07,East,Personal Care,Shampoo,Aarav,10,9.44,0.05,89.69,32.55
ORD-101153,2025-08-16,North,Electronics,Wireless Earbuds,Aarav,69,41.67,0.05,2731.37,782.36
ORD-101154,2025-09-12,North,Electronics,Smart Watch,Aarav,2,87.57,0.0,175.14,64.0
ORD-101155,2025-04-30,North,Personal Care,Body Lotion,Aarav,28,23.84,0.1,600.85,234.38
ORD-101156,2025-08-31,North,Personal Care,Toothpaste,Meera,4,22.14,0.05,84.15,21.44
ORD-101157,2025-01-05,West,Grocery,Pasta,Sara,31,3.87,0.0,119.92,29.78
ORD-101158,2025-03-13,East,Home & Kitchen,Mixer Grinder,Sara,36,103.22,0.1,3344.44,1484.96
ORD-101159,2025-02-14,North,Grocery,Rice,Diya,51,17.39,0.2,709.42,281.67
ORD-101160,2025-08-12,East,Personal Care,Toothpaste,Diya,6,12.67,0.0,76.0,27.8
ORD-101161,2025-03-25,West,Electronics,Bluetooth Speaker,Kabir,74,119.03,0.0,8808.08,3921.67
ORD-101162,2025-08-27,North,Home & Kitchen,Mixer Grinder,Kabir,59,33.27,0.1,1766.42,395.97
ORD-101163,2025-04-05,East,Personal Care,Face Wash,Kabir,72,10.2,0.0,734.58,177.05
ORD-101164,2025-01-21,East,Grocery,Biscuits,Kabir,33,24.81,0.1,736.91,239.68
ORD-101165,2025-02-22,East,Personal Care,Body Lotion,Meera,7,22.27,0.05,148.08,29.94
ORD-101166,2025-03-04,North,Electronics,Power Bank,Sara,64,57.85,0.0,3702.31,1207.22
ORD-101167,2025-11-02,West,Grocery,Pasta,Sara,45,4.82,0.0,216.85,54.63
ORD-101168,2025-01-10,North,Home & Kitchen,Air Fryer,Rohan,61,110.41,0.05,6398.53,2683.29
ORD-101169,2025-05-22,North,Personal Care,Shampoo,Kabir,41,22.13,0.0,907.14,397.85
ORD-101170,2025-09-26,South,Electronics,Power Bank,Meera,55,124.37,0.0,6840.58,1994.11
ORD-101171,2025-02-22,East,Electronics,Wireless Earbuds,Kabir,62,72.95,0.05,4296.94,1217.64
ORD-101172,2025-10-06,West,Grocery,Rice,Diya,34,16.81,0.1,514.32,188.78
ORD-101173,2025-12-29,West,Electronics,Power Bank,Diya,53,166.09,0.1,7922.68,2930.33
ORD-101174,2025-11-04,East,Beverages,Coffee,Sara,50,6.63,0.0,331.46,100.65
ORD-101175,2025-10-20,North,Beverages,Orange Juice,Sara,45,4.69,0.05,200.49,90.65
ORD-101176,2025-07-08,East,Beverages,Orange Juice,Kabir,69,11.46,0.0,790.64,342.54
ORD-101177,2025-08-27,North,Grocery,Cooking Oil,Sara,70,16.14,0.15,960.11,392.23
ORD-101178,2025-12-03,West,Electronics,Wireless Earbuds,Meera,25,118.72,0.0,2967.94,941.74
ORD-101179,2025-07-03,West,Electronics,Power Bank,Meera,16,19.97,0.15,271.6,66.81
ORD-101180,2025-04-03,West,Beverages,Coffee,Rohan,4,5.23,0.1,18.83,4.78
ORD-101181,2025-08-05,East,Electronics,Smart Watch,Meera,61,29.65,0.0,1808.4,546.86
ORD-101182,2025-09-03,West,Electronics,Bluetooth Speaker,Kabir,24,135.67,0.05,3093.18,850.63
ORD-101183,2025-02-04,West,Personal Care,Toothpaste,Kabir,76,3.06,0.0,232.37,90.96
ORD-101184,2025-04-19,South,Beverages,Green Tea,Diya,78,2.29,0.0,178.71,40.04
ORD-101185,2025-02-06,West,Beverages,Mineral Water,Kabir,57,7.04,0.15,341.05,97.99
ORD-101186,2025-06-07,North,Beverages,Coffee,Aarav,66,8.67,0.15,486.4,132.64
ORD-101187,2025-06-02,East,Personal Care,Toothpaste,Sara,70,5.93,0.0,414.76,183.47
ORD-101188,2025-01-29,West,Personal Care,Toothpaste,Diya,28,19.13,0.0,535.56,251.88
ORD-101189,2025-08-04,East,Home & Kitchen,Cookware Set,Rohan,52,74.09,0.0,3852.8,913.01
ORD-101190,2025-08-02,East,Grocery,Rice,Kabir,53,18.09,0.1,862.84,247.65
ORD-101191,2025-02-13,South,Grocery,Pasta,Kabir,32,10.01,0.15,272.26,83.56
ORD-101192,2025-01-18,East,Grocery,Cooking Oil,Sara,27,25.17,0.05,645.71,165.15
ORD-101193,2025-12-19,South,Home & Kitchen,Cookware Set,Aarav,10,83.93,0.1,755.39,328.02
ORD-101194,2025-09-18,North,Personal Care,Body Lotion,Aarav,58,13.37,0.2,620.31,243.66
ORD-101195,2025-02-13,West,Home & Kitchen,Cookware Set,Diya,53,25.37,0.1,1210.34,273.09
ORD-101196,2025-03-14,North,Personal Care,Face Wash,Meera,30,23.61,0.0,708.17,275.78
ORD-101197,2025-09-12,North,Personal Care,Body Lotion,Kabir,22,10.71,0.0,235.58,88.21
ORD-101198,2025-12-28,South,Beverages,Orange Juice,Sara,57,8.29,0.2,378.06,149.87
ORD-101199,2025-01-26,North,Home & Kitchen,Mixer Grinder,Rohan,15,94.56,0.05,1347.44,442.93
ORD-101200,2025-10-09,East,Grocery,Biscuits,Rohan,27,15.94,0.05,408.8,148.07
ORD-101201,2025-04-25,West,Personal Care,Shampoo,Meera,73,16.88,0.0,1232.4,278.02
ORD-101202,2025-09-07,North,Grocery,Rice,Rohan,60,11.09,0.2,532.44,140.22
ORD-101203,2025-10-12,West,Personal Care,Face Wash,Meera,47,9.02,0.1,381.62,144.85
ORD-101204,2025-09-23,West,Grocery,Pasta,Aarav,19,18.16,0.05,327.81,106.56
ORD-101205,2025-07-21,South,Electronics,Smart Watch,Kabir,34,39.93,0.0,1357.62,341.8
ORD-101206,2025-02-07,East,Beverages,Coffee,Kabir,2,4.0,0.0,8.0,2.5
ORD-101207,2025-02-11,North,Personal Care,Body Lotion,Diya,36,22.62,0.15,692.05,302.9
ORD-101208,2025-08-10,South,Beverages,Green Tea,Aarav,34,8.56,0.0,290.92,127.18
ORD-101209,2025-02-11,South,Beverages,Orange Juice,Rohan,60,4.96,0.15,253.19,99.4
ORD-101210,2025-07-07,West,Electronics,Bluetooth Speaker,Rohan,28,105.47,0.1,2657.75,971.03
ORD-101211,2025-03-20,North,Grocery,Pasta,Rohan,14,23.66,0.05,314.74,136.68
ORD-101212,2025-04-05,East,Grocery,Cooking Oil,Kabir,26,34.11,0.0,886.94,392.5
ORD-101213,2025-05-29,East,Grocery,Pasta,Meera,36,30.39,0.1,984.64,178.93
ORD-101214,2025-04-25,West,Home & Kitchen,Cookware Set,Rohan,59,40.7,0.0,2401.59,539.72
ORD-101215,2025-12-25,South,Electronics,Wireless Earbuds,Sara,28,39.19,0.1,987.55,404.75
ORD-101216,2025-04-19,South,Personal Care,Face Wash,Rohan,36,13.07,0.0,470.63,179.88
ORD-101217,2025-04-16,North,Personal Care,Body Lotion,Diya,44,13.32,0.0,586.01,278.55
ORD-101218,2025-06-21,West,Home & Kitchen,Mixer Grinder,Rohan,32,89.94,0.1,2590.14,638.55
ORD-101219,2025-01-13,East,Electronics,Power Bank,Diya,13,18.43,0.0,239.54,74.84
ORD-101220,2025-08-21,West,Beverages,Orange Juice,Aarav,43,3.47,0.15,126.73,49.69
ORD-101221,2025-07-24,East,Personal Care,Face Wash,Kabir,4,23.97,0.0,95.87,30.77
ORD-101222,2025-03-12,South,Personal Care,Shampoo,Meera,51,6.52,0.0,332.59,122.36
ORD-101223,2025-09-27,North,Home & Kitchen,Cookware Set,Aarav,14,131.76,0.2,1475.74,457.49
ORD-101224,2025-05-31,West,Personal Care,Shampoo,Diya,41,3.92,0.1,144.8,27.28
ORD-101225,2025-12-28,North,Beverages,Mineral Water,Rohan,74,8.31,0.05,583.94,126.15
ORD-101226,2025-03-30,North,Beverages,Orange Juice,Sara,53,4.65,0.0,246.58,116.56
ORD-101227,2025-12-25,South,Personal Care,Face Wash,Kabir,32,9.9,0.1,285.05,109.57
ORD-101228,2025-11-13,West,Beverages,Mineral Water,Diya,5,4.37,0.0,21.83,9.7
ORD-101229,2025-03-14,East,Personal Care,Face Wash,Rohan,23,8.33,0.1,172.45,33.41
ORD-101230,2025-02-23,West,Electronics,Power Bank,Rohan,51,21.6,0.15,936.16,406.4
ORD-101231,2025-03-17,South,Grocery,Cooking Oil,Kabir,67,7.92,0.0,530.43,103.6
ORD-101232,2025-02-05,East,Home & Kitchen,Mixer Grinder,Aarav,77,86.63,0.2,5336.3,2119.93
ORD-101233,2025-05-07,South,Electronics,Smart Watch,Kabir,61,127.63,0.05,7396.24,2495.85
ORD-101234,2025-04-08,East,Electronics,Smart Watch,Sara,36,38.92,0.0,1400.96,561.34
ORD-101235,2025-05-18,West,Home & Kitchen,Storage Box,Diya,67,113.98,0.1,6873.17,2095.79
ORD-101236,2025-03-15,North,Personal Care,Face Wash,Aarav,57,3.75,0.1,192.36,63.48
ORD-101237,2025-02-28,West,Beverages,Orange Juice,Diya,18,2.78,0.15,42.56,19.99
ORD-101238,2025-08-18,North,Personal Care,Face Wash,Kabir,54,11.35,0.0,612.87,139.79
ORD-101239,2025-09-03,South,Home & Kitchen,Mixer Grinder,Meera,56,68.18,0.0,3817.94,964.8
ORD-101240,2025-05-26,South,Grocery,Cooking Oil,Sara,71,16.82,0.0,1194.23,500.11
ORD-101241,2025-02-27,South,Grocery,Biscuits,Kabir,49,17.61,0.0,862.66,323.58
ORD-101242,2025-01-03,South,Personal Care,Shampoo,Aarav,74,16.67,0.2,987.1,184.91
ORD-101243,2025-07-04,North,Home & Kitchen,Air Fryer,Diya,58,93.03,0.0,5395.47,2347.75
ORD-101244,2025-10-31,North,Beverages,Coffee,Diya,49,4.43,0.0,217.29,42.93
ORD-101245,2025-04-05,West,Home & Kitchen,Air Fryer,Rohan,29,118.42,0.1,3090.83,1348.47
ORD-101246,2025-07-21,North,Electronics,Wireless Earbuds,Sara,56,144.64,0.0,8099.57,3203.16
ORD-101247,2025-10-02,South,Personal Care,Shampoo,Kabir,58,21.22,0.1,1107.53,368.01
ORD-101248,2025-10-05,South,Home & Kitchen,Storage Box,Aarav,12,62.7,0.0,752.35,199.09
ORD-101249,2025-02-23,West,Electronics,Smart Watch,Meera,68,147.66,0.0,10040.94,4625.28
ORD-101250,2025-02-08,West,Home & Kitchen,Storage Box,Sara,11,38.06,0.15,355.87,71.11
ORD-101251,2025-12-31,East,Beverages,Mineral Water,Meera,51,7.63,0.05,369.45,164.44
ORD-101252,2025-12-06,North,Electronics,Wireless Earbuds,Diya,11,131.51,0.0,1446.57,682.98
ORD-101253,2025-06-13,North,Grocery,Cooking Oil,Kabir,41,23.73,0.15,826.95,194.79
ORD-101254,2025-06-01,South,Home & Kitchen,Air Fryer,Aarav,56,118.45,0.05,6301.68,2676.49
ORD-101255,2025-07-11,South,Electronics,Bluetooth Speaker,Sara,19,44.48,0.0,845.09,278.8
ORD-101256,2025-05-10,North,Grocery,Biscuits,Kabir,52,10.91,0.0,567.11,256.1
ORD-101257,2025-08-12,West,Beverages,Mineral Water,Kabir,24,11.78,0.15,240.4,55.19
ORD-101258,2025-01-04,South,Grocery,Biscuits,Aarav,13,14.93,0.15,164.95,52.63
ORD-101259,2025-09-16,East,Grocery,Biscuits,Meera,29,32.9,0.05,906.44,268.73
ORD-101260,2025-07-08,East,Grocery,Cooking Oil,Meera,32,20.08,0.0,642.51,166.78
ORD-101261,2025-10-04,East,Home & Kitchen,Storage Box,Meera,54,40.84,0.0,2205.57,982.84
ORD-101262,2025-02-17,South,Grocery,Biscuits,Aarav,8,31.05,0.0,248.44,62.49
ORD-101263,2025-07-24,South,Beverages,Green Tea,Meera,21,9.04,0.15,161.36,59.97
ORD-101264,2025-03-02,North,Home & Kitchen,Cookware Set,Diya,54,69.18,0.0,3735.65,1095.18
ORD-101265,2025-08-27,North,Grocery,Rice,Kabir,50,20.62,0.0,1031.08,493.77
ORD-101266,2025-12-31,North,Electronics,Power Bank,Meera,53,174.69,0.05,8795.48,2493.67
ORD-101267,2025-04-08,North,Beverages,Mineral Water,Aarav,22,6.35,0.15,118.74,22.57
ORD-101268,2025-11-22,East,Personal Care,Shampoo,Sara,2,15.62,0.0,31.24,7.7
ORD-101269,2025-06-28,South,Beverages,Mineral Water,Diya,27,5.32,0.1,129.38,23.92
ORD-101270,2025-08-29,East,Beverages,Mineral Water,Diya,34,2.66,0.0,90.6,30.27
ORD-101271,2025-06-23,North,Electronics,Power Bank,Sara,69,24.69,0.0,1703.75,737.5
ORD-101272,2025-11-06,West,Electronics,Power Bank,Meera,19,137.63,0.1,2353.55,736.88
ORD-101273,2025-05-04,North,Electronics,Smart Watch,Sara,34,45.43,0.0,1544.53,629.75
ORD-101274,2025-05-28,South,Beverages,Orange Juice,Meera,47,2.27,0.15,90.82,37.99
ORD-101275,2025-12-30,West,Personal Care,Face Wash,Sara,69,3.53,0.0,243.9,98.92
ORD-101276,2025-11-06,South,Electronics,Power Bank,Rohan,58,143.28,0.0,8310.23,3013.56
ORD-101277,2025-02-07,North,Personal Care,Shampoo,Kabir,19,4.65,0.0,88.38,26.34
ORD-101278,2025-02-12,North,Grocery,Biscuits,Diya,26,31.07,0.0,807.84,328.69
ORD-101279,2025-04-09,South,Home & Kitchen,Air Fryer,Kabir,63,71.47,0.05,4277.39,1824.74
ORD-101280,2025-12-20,West,Grocery,Pasta,Kabir,72,11.95,0.0,860.11,382.4
ORD-101281,2025-02-22,North,Personal Care,Face Wash,Aarav,33,23.86,0.15,669.32,308.81
ORD-101282,2025-05-31,East,Beverages,Coffee,Meera,22,4.04,0.05,84.44,39.15
ORD-101283,2025-02-21,East,Home & Kitchen,Storage Box,Rohan,22,41.09,0.0,903.89,257.38
ORD-101284,2025-09-24,North,Grocery,Rice,Kabir,21,33.33,0.0,700.03,301.76
ORD-101285,2025-10-25,North,Electronics,Power Bank,Meera,32,74.22,0.0,2375.16,585.8
ORD-101286,2025-10-28,South,Electronics,Bluetooth Speaker,Kabir,51,87.03,0.0,4438.59,1376.22
ORD-101287,2025-12-04,North,Electronics,Wireless Earbuds,Diya,53,144.68,0.0,7668.07,1954.04
ORD-101288,2025-07-06,North,Beverages,Mineral Water,Kabir,25,3.03,0.05,71.91,29.69
ORD-101289,2025-12-22,North,Electronics,Bluetooth Speaker,Aarav,59,116.14,0.0,6852.36,1419.34
ORD-101290,2025-07-28,South,Beverages,Orange Juice,Sara,7,4.63,0.0,32.41,14.62
ORD-101291,2025-08-23,West,Grocery,Biscuits,Sara,25,4.0,0.2,80.07,16.16
ORD-101292,2025-02-13,East,Beverages,Mineral Water,Sara,49,9.15,0.1,403.58,104.22
ORD-101293,2025-05-12,North,Home & Kitchen,Cookware Set,Rohan,32,22.83,0.05,694.07,160.52
ORD-101294,2025-05-31,West,Grocery,Biscuits,Diya,39,19.24,0.2,600.38,203.12
ORD-101295,2025-03-21,East,Personal Care,Shampoo,Kabir,42,5.75,0.05,229.31,87.77
ORD-101296,2025-10-28,South,Home & Kitchen,Storage Box,Meera,77,42.85,0.0,3299.25,624.47
ORD-101297,2025-12-03,South,Electronics,Power Bank,Kabir,73,117.52,0.0,8579.01,1560.41
ORD-101298,2025-01-04,East,Electronics,Bluetooth Speaker,Meera,49,178.78,0.0,8760.25,1858.41
ORD-101299,2025-07-14,North,Home & Kitchen,Cookware Set,Meera,68,108.96,0.0,7409.29,1656.18
ORD-101300,2025-02-21,North,Electronics,Bluetooth Speaker,Kabir,5,55.26,0.0,276.3,94.65
ORD-101301,2025-07-18,North,Personal Care,Shampoo,Sara,15,23.99,0.05,341.81,151.65
ORD-101302,2025-08-11,East,Grocery,Biscuits,Kabir,17,22.63,0.1,346.2,75.2
ORD-101303,2025-05-02,North,Grocery,Rice,Diya,17,19.73,0.0,335.4,143.16
ORD-101304,2025-02-24,North,Electronics,Bluetooth Speaker,Diya,14,100.98,0.0,1413.77,386.67
ORD-101305,2025-02-21,North,Beverages,Mineral Water,Meera,16,5.31,0.15,72.27,28.06
ORD-101306,2025-02-04,East,Personal Care,Shampoo,Rohan,3,6.5,0.05,18.52,3.45
ORD-101307,2025-07-07,East,Electronics,Smart Watch,Meera,13,58.93,0.0,766.11,211.05
ORD-101308,2025-09-30,West,Electronics,Power Bank,Kabir,70,20.98,0.0,1468.92,371.05
ORD-101309,2025-05-21,West,Grocery,Cooking Oil,Sara,41,21.74,0.05,846.95,225.35
ORD-101310,2025-07-21,West,Electronics,Power Bank,Kabir,55,111.42,0.0,6128.0,2413.05
ORD-101311,2025-03-02,West,Grocery,Pasta,Kabir,35,11.05,0.0,386.88,109.61
ORD-101312,2025-08-15,East,Beverages,Coffee,Kabir,70,5.52,0.15,328.17,121.18
ORD-101313,2025-04-02,West,Home & Kitchen,Cookware Set,Rohan,14,138.22,0.15,1644.87,442.55
ORD-101314,2025-07-24,North,Electronics,Wireless Earbuds,Meera,25,157.58,0.05,3742.58,1742.16
ORD-101315,2025-10-08,North,Electronics,Smart Watch,Kabir,49,142.99,0.0,7006.43,3287.45
ORD-101316,2025-04-23,East,Electronics,Power Bank,Aarav,34,130.22,0.05,4206.11,961.14
ORD-101317,2025-11-15,West,Electronics,Wireless Earbuds,Kabir,79,67.26,0.0,5313.51,1500.53
ORD-101318,2025-05-31,North,Grocery,Rice,Aarav,74,28.64,0.0,2119.18,695.5
ORD-101319,2025-02-17,North,Home & Kitchen,Air Fryer,Diya,48,108.25,0.0,5195.8,1127.24
ORD-101320,2025-03-31,South,Home & Kitchen,Cookware Set,Diya,49,86.26,0.05,4015.53,889.18
ORD-101321,2025-02-07,West,Home & Kitchen,Mixer Grinder,Diya,36,30.62,0.0,1102.4,228.17
ORD-101322,2025-05-11,South,Home & Kitchen,Air Fryer,Sara,52,36.49,0.0,1897.61,515.45
ORD-101323,2025-11-04,South,Beverages,Orange Juice,Meera,29,7.04,0.0,204.05,41.69
ORD-101324,2025-11-22,West,Personal Care,Face Wash,Diya,18,11.6,0.0,208.75,56.99
ORD-101325,2025-07-24,South,Personal Care,Toothpaste,Diya,6,13.03,0.1,70.38,33.49
ORD-101326,2025-11-15,North,Grocery,Biscuits,Meera,40,26.93,0.05,1023.36,359.27
ORD-101327,2025-09-02,East,Grocery,Rice,Sara,42,29.99,0.05,1196.6,365.32
ORD-101328,2025-06-24,West,Home & Kitchen,Cookware Set,Sara,39,126.62,0.1,4444.41,1857.34
ORD-101329,2025-01-06,West,Beverages,Mineral Water,Rohan,65,2.23,0.15,123.17,28.33
ORD-101330,2025-12-22,East,Grocery,Rice,Kabir,19,30.91,0.05,557.88,127.09
ORD-101331,2025-07-26,South,Grocery,Pasta,Sara,56,2.8,0.0,156.61,67.19
ORD-101332,2025-10-26,North,Home & Kitchen,Air Fryer,Sara,63,48.43,0.2,2440.8,895.34
ORD-101333,2025-06-24,West,Beverages,Mineral Water,Meera,67,4.21,0.0,282.4,114.84
ORD-101334,2025-04-11,South,Beverages,Green Tea,Kabir,29,7.77,0.15,191.62,41.83
ORD-101335,2025-08-26,West,Grocery,Pasta,Meera,51,28.28,0.0,1442.14,528.79
ORD-101336,2025-04-17,South,Electronics,Power Bank,Rohan,61,133.27,0.05,7722.92,2016.14
ORD-101337,2025-07-09,West,Personal Care,Shampoo,Diya,32,15.83,0.15,430.53,167.29
ORD-101338,2025-11-05,South,Beverages,Orange Juice,Rohan,41,9.23,0.15,321.72,112.91
ORD-101339,2025-02-22,South,Beverages,Coffee,Sara,67,11.51,0.0,771.08,341.67
ORD-101340,2025-02-08,North,Grocery,Rice,Rohan,32,26.96,0.05,819.69,210.54
ORD-101341,2025-06-18,East,Personal Care,Toothpaste,Meera,40,8.96,0.0,358.28,109.7
ORD-101342,2025-07-02,North,Personal Care,Face Wash,Kabir,49,4.86,0.0,237.91,78.89
ORD-101343,2025-04-19,West,Home & Kitchen,Air Fryer,Kabir,53,114.18,0.05,5749.07,2600.11
ORD-101344,2025-03-30,West,Home & Kitchen,Air Fryer,Sara,41,42.78,0.2,1403.14,488.63
ORD-101345,2025-07-03,North,Home & Kitchen,Mixer Grinder,Diya,33,17.92,0.05,561.7,222.17
ORD-101346,2025-05-27,East,Electronics,Bluetooth Speaker,Sara,40,112.75,0.2,3607.9,814.49
ORD-101347,2025-07-18,East,Home & Kitchen,Storage Box,Aarav,39,46.39,0.0,1809.21,519.13
ORD-101348,2025-10-17,East,Grocery,Biscuits,Kabir,12,16.72,0.15,170.57,79.27
ORD-101349,2025-12-08,West,Home & Kitchen,Storage Box,Sara,60,133.39,0.15,6802.71,1833.28
ORD-101350,2025-02-07,South,Grocery,Cooking Oil,Rohan,49,22.33,0.05,1039.52,428.08
ORD-101351,2025-04-20,East,Home & Kitchen,Storage Box,Meera,65,75.91,0.0,4934.28,1005.16
ORD-101352,2025-02-26,South,Electronics,Smart Watch,Rohan,65,27.49,0.15,1518.64,374.71
ORD-101353,2025-07-11,South,Beverages,Green Tea,Rohan,75,7.98,0.15,508.84,226.87
ORD-101354,2025-10-04,West,Beverages,Green Tea,Diya,76,9.94,0.0,755.42,163.7
ORD-101355,2025-02-11,East,Personal Care,Toothpaste,Rohan,3,23.99,0.2,57.57,27.39
ORD-101356,2025-04-29,West,Beverages,Coffee,Sara,66,4.18,0.15,234.76,71.45
ORD-101357,2025-05-14,North,Personal Care,Face Wash,Diya,6,10.23,0.05,58.34,20.82
ORD-101358,2025-01-02,South,Beverages,Orange Juice,Diya,6,9.08,0.05,51.77,18.42
ORD-101359,2025-09-21,East,Grocery,Pasta,Diya,49,29.47,0.15,1227.3,356.76
ORD-101360,2025-07-16,West,Grocery,Biscuits,Sara,45,7.75,0.05,331.17,116.43
ORD-101361,2025-12-14,North,Home & Kitchen,Storage Box,Kabir,60,34.59,0.0,2075.39,764.35
ORD-101362,2025-11-19,South,Electronics,Bluetooth Speaker,Sara,23,161.16,0.05,3521.35,678.97
ORD-101363,2025-10-02,East,Personal Care,Body Lotion,Rohan,23,24.73,0.0,568.78,267.05
ORD-101364,2025-03-07,West,Electronics,Smart Watch,Sara,73,117.78,0.05,8168.24,2231.03
ORD-101365,2025-10-02,South,Grocery,Biscuits,Sara,37,8.43,0.0,311.76,91.78
ORD-101366,2025-01-29,North,Grocery,Rice,Aarav,35,21.81,0.0,763.29,267.33
ORD-101367,2025-02-22,South,Electronics,Power Bank,Sara,32,161.57,0.1,4653.34,1433.55
ORD-101368,2025-02-04,West,Personal Care,Toothpaste,Aarav,42,6.5,0.2,218.31,67.32
ORD-101369,2025-06-08,West,Electronics,Wireless Earbuds,Diya,70,169.14,0.15,10064.04,4460.9
ORD-101370,2025-03-03,South,Grocery,Pasta,Meera,14,25.35,0.0,354.9,165.18
ORD-101371,2025-05-11,East,Personal Care,Face Wash,Sara,33,12.27,0.15,344.24,89.07
ORD-101372,2025-03-22,East,Personal Care,Shampoo,Diya,61,22.76,0.15,1179.97,254.22
ORD-101373,2025-10-15,East,Electronics,Bluetooth Speaker,Rohan,31,74.45,0.0,2307.95,692.78
ORD-101374,2025-11-10,West,Personal Care,Face Wash,Diya,40,23.73,0.0,949.01,424.59
ORD-101375,2025-06-25,South,Beverages,Coffee,Rohan,56,5.39,0.1,271.6,118.38
ORD-101376,2025-09-12,South,Grocery,Cooking Oil,Diya,21,13.11,0.1,247.84,68.02
ORD-101377,2025-03-25,East,Personal Care,Toothpaste,Sara,63,19.47,0.0,1226.8,490.61
ORD-101378,2025-07-28,South,Grocery,Cooking Oil,Meera,62,6.31,0.0,391.31,152.5
ORD-101379,2025-11-13,South,Grocery,Biscuits,Rohan,3,16.86,0.15,43.0,20.03
ORD-101380,2025-06-21,West,Personal Care,Body Lotion,Sara,18,6.71,0.0,120.72,54.57
ORD-101381,2025-12-26,East,Personal Care,Face Wash,Diya,70,24.98,0.05,1661.22,343.79
ORD-101382,2025-02-07,West,Beverages,Coffee,Sara,73,8.21,0.15,509.66,98.45
ORD-101383,2025-01-04,East,Grocery,Cooking Oil,Diya,51,4.93,0.05,238.99,92.19
ORD-101384,2025-04-21,North,Home & Kitchen,Air Fryer,Sara,8,125.49,0.0,1003.88,452.89
ORD-101385,2025-09-23,South,Home & Kitchen,Air Fryer,Sara,73,138.08,0.1,9071.86,1694.8
ORD-101386,2025-08-08,West,Beverages,Green Tea,Meera,79,7.03,0.0,554.99,195.94
ORD-101387,2025-10-15,East,Grocery,Cooking Oil,Aarav,54,19.05,0.15,874.59,157.91
ORD-101388,2025-10-13,East,Beverages,Orange Juice,Meera,4,3.44,0.0,13.78,5.67
ORD-101389,2025-02-23,North,Home & Kitchen,Cookware Set,Kabir,52,49.62,0.05,2451.07,693.69
ORD-101390,2025-10-15,South,Electronics,Bluetooth Speaker,Diya,12,91.04,0.15,928.63,407.71
ORD-101391,2025-01-29,North,Personal Care,Toothpaste,Rohan,23,22.13,0.15,432.61,92.42
ORD-101392,2025-11-06,North,Electronics,Bluetooth Speaker,Rohan,34,19.89,0.1,608.53,283.87
ORD-101393,2025-05-02,East,Electronics,Bluetooth Speaker,Meera,33,116.96,0.2,3087.7,1309.48
ORD-101394,2025-10-05,East,Beverages,Orange Juice,Kabir,54,4.12,0.05,211.56,54.73
ORD-101395,2025-08-05,South,Home & Kitchen,Cookware Set,Kabir,70,96.51,0.15,5742.6,2264.06
ORD-101396,2025-11-02,West,Grocery,Cooking Oil,Meera,28,5.68,0.2,127.19,48.37
ORD-101397,2025-04-07,North,Electronics,Bluetooth Speaker,Sara,52,146.05,0.0,7594.59,1761.67
ORD-101398,2025-02-11,North,Beverages,Coffee,Diya,52,7.39,0.1,345.95,152.81
ORD-101399,2025-11-11,West,Personal Care,Face Wash,Aarav,63,23.25,0.05,1391.51,348.3
ORD-101400,2025-11-15,West,Home & Kitchen,Mixer Grinder,Rohan,61,102.59,0.05,5944.87,1883.59
ORD-101401,2025-09-06,East,Grocery,Cooking Oil,Sara,47,13.37,0.05,596.91,163.0
ORD-101402,2025-03-07,East,Electronics,Power Bank,Diya,57,25.39,0.0,1446.97,313.43
ORD-101403,2025-11-14,East,Electronics,Power Bank,Rohan,49,138.16,0.05,6431.19,1649.44
ORD-101404,2025-03-21,North,Personal Care,Body Lotion,Rohan,14,10.67,0.05,141.9,46.52
ORD-101405,2025-11-07,East,Personal Care,Body Lotion,Meera,75,24.06,0.0,1804.6,717.71
ORD-101406,2025-05-14,West,Electronics,Power Bank,Rohan,41,161.7,0.05,6298.39,1963.89
ORD-101407,2025-05-13,North,Electronics,Power Bank,Aarav,64,97.91,0.1,5639.75,1935.53
ORD-101408,2025-04-20,West,Grocery,Rice,Rohan,21,22.53,0.05,449.57,105.87
ORD-101409,2025-07-05,South,Beverages,Coffee,Kabir,69,10.89,0.15,638.55,144.85
ORD-101410,2025-06-01,East,Personal Care,Face Wash,Aarav,38,17.89,0.0,679.86,202.61
ORD-101411,2025-05-02,East,Personal Care,Face Wash,Kabir,2,8.88,0.0,17.76,8.01
ORD-101412,2025-06-14,West,Beverages,Mineral Water,Meera,22,5.55,0.05,116.09,29.06
ORD-101413,2025-10-22,North,Grocery,Pasta,Aarav,36,9.68,0.15,296.07,106.85
ORD-101414,2025-08-05,South,Grocery,Cooking Oil,Aarav,12,3.25,0.0,39.01,16.27
ORD-101415,2025-12-29,North,Home & Kitchen,Cookware Set,Aarav,12,100.66,0.05,1147.51,339.2
ORD-101416,2025-03-19,North,Personal Care,Face Wash,Diya,50,6.34,0.0,316.78,151.77
ORD-101417,2025-07-08,South,Home & Kitchen,Storage Box,Diya,45,87.05,0.15,3329.81,1109.28
ORD-101418,2025-02-06,West,Electronics,Wireless Earbuds,Rohan,26,35.27,0.1,825.36,185.37
ORD-101419,2025-07-25,West,Home & Kitchen,Cookware Set,Diya,29,66.95,0.0,1941.44,908.44
ORD-101420,2025-08-08,West,Grocery,Pasta,Aarav,20,5.4,0.0,108.0,31.02
ORD-101421,2025-09-04,South,Electronics,Wireless Earbuds,Sara,49,23.0,0.1,1014.27,344.78
ORD-101422,2025-06-22,West,Beverages,Coffee,Diya,3,3.05,0.0,9.15,3.57
ORD-101423,2025-03-11,West,Beverages,Coffee,Diya,9,11.02,0.0,99.19,30.77
ORD-101424,2025-12-01,East,Personal Care,Shampoo,Rohan,21,20.87,0.1,394.53,105.87
ORD-101425,2025-02-09,South,Home & Kitchen,Air Fryer,Sara,58,55.11,0.0,3196.26,1406.27
ORD-101426,2025-01-21,West,Electronics,Bluetooth Speaker,Rohan,7,75.08,0.1,472.98,165.7
ORD-101427,2025-10-25,North,Grocery,Pasta,Rohan,60,2.84,0.1,153.59,30.92
ORD-101428,2025-08-23,West,Personal Care,Toothpaste,Sara,57,23.03,0.0,1312.64,493.49
ORD-101429,2025-03-18,West,Personal Care,Shampoo,Meera,47,10.65,0.0,500.37,119.08
ORD-101430,2025-06-30,North,Grocery,Pasta,Sara,23,28.88,0.1,597.92,208.88
ORD-101431,2025-12-17,South,Grocery,Pasta,Kabir,69,26.96,0.1,1674.34,394.05
ORD-101432,2025-09-16,North,Personal Care,Face Wash,Meera,19,6.92,0.15,111.69,53.32
ORD-101433,2025-09-27,North,Grocery,Cooking Oil,Kabir,32,18.88,0.05,573.98,122.11
ORD-101434,2025-02-04,South,Electronics,Bluetooth Speaker,Sara,76,155.13,0.15,10021.54,2398.33
ORD-101435,2025-05-13,West,Grocery,Biscuits,Sara,10,18.6,0.05,176.71,40.91
ORD-101436,2025-10-24,North,Grocery,Pasta,Aarav,51,22.64,0.05,1097.03,291.07
ORD-101437,2025-10-08,North,Personal Care,Toothpaste,Aarav,30,9.99,0.0,299.81,74.71
ORD-101438,2025-03-08,East,Home & Kitchen,Cookware Set,Meera,12,86.7,0.05,988.36,228.56
ORD-101439,2025-01-14,East,Electronics,Wireless Earbuds,Sara,32,21.96,0.0,702.85,239.46
ORD-101440,2025-11-07,North,Personal Care,Face Wash,Sara,72,4.44,0.0,319.61,113.29
ORD-101441,2025-04-28,East,Electronics,Wireless Earbuds,Kabir,13,97.58,0.0,1268.49,448.74
ORD-101442,2025-10-14,North,Home & Kitchen,Air Fryer,Meera,59,22.02,0.0,1299.23,405.16
ORD-101443,2025-08-15,North,Grocery,Rice,Diya,37,12.28,0.15,386.18,181.29
ORD-101444,2025-12-25,West,Grocery,Rice,Meera,45,6.85,0.0,308.43,124.93
ORD-101445,2025-02-08,South,Personal Care,Face Wash,Rohan,41,5.38,0.0,220.75,61.51
ORD-101446,2025-05-20,West,Grocery,Rice,Sara,67,17.15,0.1,1034.37,250.87
ORD-101447,2025-12-05,West,Personal Care,Body Lotion,Sara,38,6.88,0.0,261.34,99.87
ORD-101448,2025-04-21,East,Grocery,Biscuits,Sara,69,14.24,0.05,933.12,229.39
ORD-101449,2025-04-07,East,Electronics,Smart Watch,Diya,52,68.83,0.05,3400.06,943.35
ORD-101450,2025-04-11,South,Grocery,Pasta,Rohan,25,24.45,0.05,580.73,184.32
ORD-101451,2025-05-01,South,Electronics,Bluetooth Speaker,Diya,60,142.98,0.05,8150.06,3816.7
ORD-101452,2025-11-30,East,Electronics,Bluetooth Speaker,Rohan,30,115.83,0.15,2953.55,564.41
ORD-101453,2025-01-23,South,Grocery,Pasta,Kabir,47,9.94,0.0,467.1,214.27
ORD-101454,2025-09-17,North,Electronics,Wireless Earbuds,Diya,66,170.48,0.0,11251.43,4168.68
ORD-101455,2025-05-08,North,Beverages,Green Tea,Aarav,10,5.19,0.15,44.07,18.72
ORD-101456,2025-10-17,West,Home & Kitchen,Air Fryer,Rohan,71,116.87,0.15,7053.34,3056.14
ORD-101457,2025-12-11,South,Personal Care,Toothpaste,Meera,58,22.81,0.0,1322.88,557.11
ORD-101458,2025-01-29,West,Electronics,Wireless Earbuds,Diya,56,57.97,0.15,2759.58,796.19
ORD-101459,2025-02-07,East,Electronics,Power Bank,Diya,69,137.31,0.0,9474.27,3254.56
ORD-101460,2025-02-04,East,Electronics,Bluetooth Speaker,Diya,38,167.98,0.05,6064.08,2427.48
ORD-101461,2025-06-07,East,Grocery,Pasta,Aarav,2,8.76,0.15,14.89,4.59
ORD-101462,2025-03-18,West,Personal Care,Body Lotion,Aarav,55,12.36,0.0,679.67,293.25
ORD-101463,2025-09-19,West,Home & Kitchen,Mixer Grinder,Rohan,59,15.66,0.0,924.06,210.53
ORD-101464,2025-06-24,East,Beverages,Mineral Water,Rohan,3,10.97,0.15,27.98,12.98
ORD-101465,2025-10-29,South,Grocery,Biscuits,Diya,59,30.63,0.0,1806.95,717.93
ORD-101466,2025-11-25,West,Personal Care,Shampoo,Meera,55,5.73,0.0,314.88,70.48
ORD-101467,2025-11-04,North,Home & Kitchen,Cookware Set,Meera,74,135.13,0.0,9999.72,4305.46
ORD-101468,2025-09-08,East,Personal Care,Toothpaste,Diya,46,23.82,0.1,985.95,252.0
ORD-101469,2025-06-28,North,Electronics,Power Bank,Kabir,35,71.54,0.05,2378.82,1131.21
ORD-101470,2025-07-05,South,Beverages,Mineral Water,Rohan,34,2.36,0.1,72.23,29.93
ORD-101471,2025-02-07,South,Electronics,Wireless Earbuds,Sara,41,117.73,0.0,4826.8,1004.2
ORD-101472,2025-05-06,East,Personal Care,Face Wash,Sara,32,22.51,0.0,720.18,140.86
ORD-101473,2025-09-10,South,Personal Care,Body Lotion,Meera,29,20.07,0.1,523.94,242.37
ORD-101474,2025-11-18,North,Beverages,Green Tea,Diya,17,4.23,0.05,68.32,26.25
ORD-101475,2025-12-10,North,Grocery,Cooking Oil,Aarav,25,5.32,0.1,119.71,53.21
ORD-101476,2025-08-10,South,Electronics,Power Bank,Rohan,31,163.07,0.1,4549.54,1769.88
ORD-101477,2025-06-25,North,Electronics,Power Bank,Diya,48,85.49,0.15,3488.12,954.29
ORD-101478,2025-02-09,South,Grocery,Rice,Meera,61,20.84,0.05,1207.47,496.34
ORD-101479,2025-07-25,North,Personal Care,Body Lotion,Kabir,50,17.81,0.1,801.32,262.2
ORD-101480,2025-04-15,West,Beverages,Mineral Water,Aarav,10,11.46,0.05,108.88,21.78
ORD-101481,2025-07-27,South,Electronics,Bluetooth Speaker,Rohan,19,148.02,0.1,2531.09,681.85
ORD-101482,2025-09-13,South,Home & Kitchen,Storage Box,Meera,67,123.35,0.2,6611.59,3053.1
ORD-101483,2025-05-14,East,Grocery,Pasta,Rohan,73,13.99,0.0,1021.25,413.33
ORD-101484,2025-12-14,South,Personal Care,Toothpaste,Meera,41,15.81,0.0,648.03,269.43
ORD-101485,2025-06-16,North,Personal Care,Shampoo,Rohan,64,6.02,0.05,365.89,175.32
ORD-101486,2025-07-18,South,Personal Care,Body Lotion,Aarav,62,17.66,0.0,1095.19,301.25
ORD-101487,2025-12-31,East,Beverages,Mineral Water,Rohan,35,4.39,0.0,153.68,50.23
ORD-101488,2025-01-12,East,Electronics,Power Bank,Sara,67,51.81,0.0,3471.18,894.33
ORD-101489,2025-04-07,East,Beverages,Orange Juice,Rohan,37,8.25,0.0,305.2,65.77
ORD-101490,2025-10-03,West,Electronics,Bluetooth Speaker,Diya,7,80.67,0.0,564.71,127.55
ORD-101491,2025-02-20,South,Beverages,Coffee,Kabir,63,8.04,0.0,506.82,238.12
ORD-101492,2025-08-10,North,Beverages,Mineral Water,Rohan,70,9.73,0.0,681.23,163.64
ORD-101493,2025-04-12,West,Personal Care,Face Wash,Meera,20,16.93,0.0,338.61,145.76
ORD-101494,2025-10-23,North,Home & Kitchen,Storage Box,Rohan,67,18.54,0.0,1242.19,243.43
ORD-101495,2025-10-28,North,Electronics,Wireless Earbuds,Meera,77,44.03,0.1,3051.4,571.06
ORD-101496,2025-01-07,East,Beverages,Green Tea,Sara,32,11.35,0.05,345.13,64.6
ORD-101497,2025-07-28,North,Electronics,Bluetooth Speaker,Aarav,78,87.81,0.0,6849.27,1587.6
ORD-101498,2025-06-26,East,Beverages,Mineral Water,Aarav,36,10.59,0.1,343.24,69.42
ORD-101499,2025-03-02,South,Grocery,Pasta,Aarav,44,13.41,0.2,472.13,209.58
ORD-101500,2025-06-30,East,Grocery,Cooking Oil,Rohan,53,24.92,0.05,1254.72,468.45
ORD-101501,2025-05-24,West,Beverages,Green Tea,Diya,40,7.39,0.1,265.97,105.97
ORD-101502,2025-04-19,West,Personal Care,Face Wash,Meera,38,21.81,0.1,745.81,143.5
ORD-101503,2025-07-04,East,Beverages,Mineral Water,Diya,11,6.58,0.0,72.38,34.32
ORD-101504,2025-08-03,South,Personal Care,Shampoo,Kabir,14,13.56,0.1,170.92,36.48
ORD-101505,2025-09-22,North,Grocery,Biscuits,Diya,32,32.16,0.1,926.35,287.49
ORD-101506,2025-06-06,West,Grocery,Cooking Oil,Rohan,65,23.62,0.05,1458.67,557.87
ORD-101507,2025-11-19,North,Grocery,Pasta,Diya,62,27.46,0.0,1702.64,553.21
ORD-101508,2025-08-10,South,Home & Kitchen,Storage Box,Kabir,41,28.81,0.15,1004.11,300.22
ORD-101509,2025-01-16,East,Beverages,Green Tea,Meera,12,10.77,0.0,129.27,58.81
ORD-101510,2025-12-06,South,Personal Care,Face Wash,Diya,11,8.72,0.0,95.92,18.19
ORD-101511,2025-04-13,West,Grocery,Rice,Aarav,9,15.47,0.2,111.38,31.62
ORD-101512,2025-02-05,South,Home & Kitchen,Mixer Grinder,Kabir,54,133.82,0.2,5781.06,1640.4
ORD-101513,2025-05-10,West,Grocery,Biscuits,Kabir,52,29.2,0.1,1366.47,404.03
ORD-101514,2025-12-07,North,Personal Care,Toothpaste,Aarav,70,18.02,0.1,1135.0,483.73
ORD-101515,2025-06-30,North,Beverages,Coffee,Aarav,40,3.38,0.0,135.01,41.8
ORD-101516,2025-03-02,South,Home & Kitchen,Cookware Set,Sara,69,95.35,0.1,5921.2,2456.89
ORD-101517,2025-11-15,West,Beverages,Coffee,Kabir,2,9.41,0.1,16.94,4.65
ORD-101518,2025-05-19,North,Electronics,Bluetooth Speaker,Kabir,44,172.8,0.05,7223.09,1878.59
ORD-101519,2025-04-10,South,Beverages,Mineral Water,Kabir,52,4.51,0.0,234.5,95.2
ORD-101520,2025-10-06,East,Beverages,Green Tea,Meera,55,4.25,0.0,233.99,103.57
ORD-101521,2025-02-15,East,Personal Care,Body Lotion,Meera,50,15.3,0.0,764.85,225.78
ORD-101522,2025-04-19,East,Beverages,Orange Juice,Kabir,72,7.36,0.2,424.17,199.34
ORD-101523,2025-12-28,East,Electronics,Smart Watch,Rohan,8,42.94,0.05,326.37,136.24
ORD-101524,2025-12-20,North,Electronics,Bluetooth Speaker,Kabir,51,172.95,0.1,7938.49,2939.64
ORD-101525,2025-10-03,North,Electronics,Power Bank,Meera,9,145.73,0.0,1311.57,456.43
ORD-101526,2025-09-20,North,Beverages,Orange Juice,Diya,54,2.03,0.1,98.69,19.3
ORD-101527,2025-04-01,West,Personal Care,Body Lotion,Rohan,79,13.94,0.15,935.75,418.25
ORD-101528,2025-04-21,North,Home & Kitchen,Air Fryer,Diya,55,24.51,0.0,1348.32,537.65
ORD-101529,2025-03-18,East,Personal Care,Toothpaste,Meera,38,18.8,0.2,571.47,152.57
ORD-101530,2025-06-04,West,Electronics,Power Bank,Rohan,37,86.63,0.0,3205.22,1204.42
ORD-101531,2025-01-13,North,Grocery,Rice,Sara,66,17.0,0.0,1121.82,313.4
ORD-101532,2025-06-27,North,Grocery,Pasta,Aarav,25,30.43,0.1,684.59,218.62
ORD-101533,2025-05-02,North,Electronics,Wireless Earbuds,Aarav,52,58.52,0.15,2586.41,1004.04
ORD-101534,2025-05-24,North,Home & Kitchen,Cookware Set,Sara,27,53.43,0.0,1442.72,626.74
ORD-101535,2025-02-15,West,Personal Care,Body Lotion,Aarav,72,23.38,0.0,1683.35,704.92
ORD-101536,2025-12-30,West,Beverages,Mineral Water,Diya,45,11.52,0.15,440.68,171.8
ORD-101537,2025-09-20,South,Electronics,Smart Watch,Diya,4,72.75,0.15,247.34,102.74
ORD-101538,2025-03-05,West,Grocery,Cooking Oil,Kabir,30,5.01,0.0,150.35,60.99
ORD-101539,2025-08-20,North,Beverages,Orange Juice,Rohan,11,5.78,0.15,54.02,11.21
ORD-101540,2025-12-17,North,Beverages,Green Tea,Meera,36,3.41,0.0,122.72,24.54
ORD-101541,2025-12-20,North,Personal Care,Body Lotion,Meera,33,18.1,0.0,597.43,119.45
ORD-101542,2025-12-03,East,Home & Kitchen,Cookware Set,Aarav,70,89.47,0.0,6262.94,2488.53
ORD-101543,2025-08-09,West,Beverages,Green Tea,Meera,62,6.81,0.0,422.04,171.29
ORD-101544,2025-07-23,South,Home & Kitchen,Storage Box,Meera,58,55.3,0.1,2886.72,950.41
ORD-101545,2025-07-08,North,Electronics,Bluetooth Speaker,Meera,57,125.8,0.0,7170.37,2325.85
ORD-101546,2025-07-07,West,Home & Kitchen,Cookware Set,Kabir,70,45.29,0.15,2694.5,1145.17
ORD-101547,2025-08-03,West,Home & Kitchen,Storage Box,Aarav,9,28.87,0.15,220.89,48.43
ORD-101548,2025-01-06,North,Personal Care,Face Wash,Meera,33,6.81,0.05,213.5,97.95
ORD-101549,2025-01-13,North,Beverages,Orange Juice,Meera,50,2.87,0.2,114.93,53.67
ORD-101550,2025-12-13,South,Electronics,Bluetooth Speaker,Diya,73,154.39,0.1,10143.42,4037.95
ORD-101551,2025-05-23,North,Beverages,Mineral Water,Rohan,75,8.84,0.05,629.6,164.97
ORD-101552,2025-09-04,South,Electronics,Bluetooth Speaker,Aarav,27,73.12,0.0,1974.24,695.44
ORD-101553,2025-10-21,West,Beverages,Green Tea,Aarav,19,6.06,0.15,97.89,24.68
ORD-101554,2025-07-09,South,Grocery,Biscuits,Sara,18,4.72,0.2,67.9,18.27
ORD-101555,2025-08-17,South,Home & Kitchen,Mixer Grinder,Kabir,28,40.09,0.05,1066.35,325.2
ORD-101556,2025-08-21,North,Beverages,Green Tea,Diya,7,8.07,0.0,56.49,12.0
ORD-101557,2025-02-18,North,Home & Kitchen,Mixer Grinder,Meera,43,16.16,0.0,694.71,161.57
ORD-101558,2025-12-31,South,Beverages,Green Tea,Kabir,74,4.76,0.0,352.44,114.0
ORD-101559,2025-12-20,North,Grocery,Biscuits,Aarav,26,15.83,0.05,390.89,139.98
ORD-101560,2025-04-12,South,Electronics,Bluetooth Speaker,Sara,66,122.68,0.0,8096.77,3037.17
ORD-101561,2025-04-21,South,Grocery,Biscuits,Sara,69,14.29,0.1,887.58,295.48
ORD-101562,2025-11-05,West,Beverages,Coffee,Sara,72,2.72,0.05,186.06,39.28
ORD-101563,2025-12-12,West,Electronics,Wireless Earbuds,Aarav,45,66.5,0.05,2843.08,1233.47
ORD-101564,2025-10-05,East,Electronics,Power Bank,Meera,40,95.65,0.2,3060.85,807.73
ORD-101565,2025-11-12,South,Personal Care,Toothpaste,Kabir,57,5.77,0.1,296.14,121.95
ORD-101566,2025-10-31,West,Home & Kitchen,Mixer Grinder,Rohan,13,75.55,0.15,834.85,344.08
ORD-101567,2025-05-19,North,Grocery,Pasta,Sara,52,27.3,0.1,1277.61,534.63
ORD-101568,2025-06-23,North,Grocery,Cooking Oil,Rohan,21,31.59,0.0,663.34,306.59
ORD-101569,2025-08-13,West,Electronics,Wireless Earbuds,Rohan,56,76.24,0.0,4269.69,835.47
ORD-101570,2025-07-07,West,Electronics,Power Bank,Kabir,64,77.08,0.0,4933.15,932.04
ORD-101571,2025-05-17,East,Grocery,Cooking Oil,Kabir,78,20.12,0.1,1412.5,631.59
ORD-101572,2025-04-04,East,Home & Kitchen,Air Fryer,Sara,12,36.51,0.0,438.15,105.95
ORD-101573,2025-12-18,North,Electronics,Power Bank,Meera,44,63.16,0.0,2778.92,823.78
ORD-101574,2025-08-02,East,Beverages,Coffee,Meera,9,10.52,0.05,89.93,37.84
ORD-101575,2025-11-02,North,Beverages,Green Tea,Meera,4,7.74,0.0,30.94,11.05
ORD-101576,2025-11-18,South,Electronics,Wireless Earbuds,Sara,66,73.46,0.0,4848.64,1625.31
ORD-101577,2025-11-17,South,Electronics,Bluetooth Speaker,Rohan,19,141.1,0.0,2680.94,859.22
ORD-101578,2025-04-05,North,Beverages,Mineral Water,Kabir,3,2.66,0.05,7.58,1.59
ORD-101579,2025-07-29,East,Beverages,Orange Juice,Kabir,58,9.04,0.0,524.33,179.7
ORD-101580,2025-01-15,West,Electronics,Power Bank,Aarav,30,176.96,0.1,4777.79,1568.99
ORD-101581,2025-10-21,East,Grocery,Pasta,Meera,24,7.87,0.15,160.58,43.12
ORD-101582,2025-05-01,North,Personal Care,Shampoo,Aarav,56,9.14,0.15,435.11,160.87
ORD-101583,2025-01-08,North,Electronics,Bluetooth Speaker,Diya,53,151.33,0.1,7218.21,1956.41
ORD-101584,2025-06-18,East,Home & Kitchen,Storage Box,Aarav,29,82.73,0.0,2399.11,1037.71
ORD-101585,2025-04-30,North,Beverages,Mineral Water,Diya,45,6.0,0.0,270.12,100.31
ORD-101586,2025-06-30,East,Beverages,Orange Juice,Kabir,31,9.05,0.1,252.5,59.58
ORD-101587,2025-09-14,North,Home & Kitchen,Storage Box,Rohan,63,93.33,0.2,4703.9,1912.61
ORD-101588,2025-07-06,East,Electronics,Wireless Earbuds,Rohan,38,97.99,0.0,3723.54,1375.38
ORD-101589,2025-12-16,West,Home & Kitchen,Mixer Grinder,Aarav,65,62.27,0.0,4047.53,1187.05
ORD-101590,2025-05-30,West,Grocery,Biscuits,Diya,6,21.24,0.0,127.43,27.97
ORD-101591,2025-10-29,North,Home & Kitchen,Storage Box,Sara,17,62.28,0.1,952.9,351.41
ORD-101592,2025-06-05,South,Grocery,Pasta,Meera,39,20.01,0.0,780.36,338.63
ORD-101593,2025-11-13,South,Home & Kitchen,Mixer Grinder,Meera,51,97.05,0.1,4454.57,1561.2
ORD-101594,2025-12-01,North,Home & Kitchen,Air Fryer,Rohan,51,96.71,0.15,4192.4,1130.92
ORD-101595,2025-05-01,West,Grocery,Biscuits,Diya,65,4.48,0.05,276.92,124.38
ORD-101596,2025-12-13,East,Home & Kitchen,Storage Box,Diya,44,99.42,0.0,4374.62,1409.84
ORD-101597,2025-12-10,West,Home & Kitchen,Storage Box,Sara,71,19.76,0.0,1403.04,384.88
ORD-101598,2025-06-05,North,Personal Care,Toothpaste,Sara,48,22.71,0.0,1089.94,354.22
ORD-101599,2025-10-06,East,Beverages,Green Tea,Diya,69,2.03,0.0,139.93,35.95
ORD-101600,2025-03-30,East,Home & Kitchen,Storage Box,Kabir,4,86.53,0.0,346.12,115.16
ORD-101601,2025-12-15,South,Home & Kitchen,Air Fryer,Meera,18,128.59,0.1,2083.14,773.98
ORD-101602,2025-12-06,West,Grocery,Biscuits,Meera,5,31.84,0.1,143.27,55.73
ORD-101603,2025-10-01,East,Grocery,Pasta,Diya,72,27.16,0.1,1760.26,699.83
ORD-101604,2025-09-09,North,Electronics,Power Bank,Sara,48,100.21,0.0,4809.87,1727.44
ORD-101605,2025-10-07,East,Electronics,Power Bank,Diya,65,59.27,0.1,3467.2,1100.89
ORD-101606,2025-01-20,East,Personal Care,Toothpaste,Kabir,64,20.94,0.15,1139.3,516.28
ORD-101607,2025-08-25,West,Beverages,Mineral Water,Kabir,39,5.92,0.1,207.91,70.82
ORD-101608,2025-12-17,East,Home & Kitchen,Mixer Grinder,Rohan,74,91.96,0.05,6464.82,2548.71
ORD-101609,2025-06-23,North,Home & Kitchen,Storage Box,Meera,55,113.29,0.0,6230.94,2605.2
ORD-101610,2025-01-28,West,Electronics,Power Bank,Sara,59,88.41,0.15,4433.86,1771.9
ORD-101611,2025-05-01,South,Beverages,Mineral Water,Sara,71,6.52,0.1,416.42,105.64
ORD-101612,2025-06-07,North,Grocery,Rice,Aarav,44,26.32,0.1,1042.24,189.38
ORD-101613,2025-08-03,North,Grocery,Biscuits,Sara,13,19.5,0.05,240.84,72.56
ORD-101614,2025-10-15,East,Grocery,Biscuits,Aarav,52,33.01,0.15,1459.09,301.33
ORD-101615,2025-04-30,North,Electronics,Wireless Earbuds,Rohan,16,151.91,0.0,2430.63,1046.5
ORD-101616,2025-06-22,West,Beverages,Green Tea,Sara,38,8.84,0.0,335.84,121.55
ORD-101617,2025-07-29,East,Beverages,Mineral Water,Aarav,61,11.69,0.0,712.98,182.04
ORD-101618,2025-11-27,West,Grocery,Biscuits,Diya,19,5.61,0.05,101.19,31.35
ORD-101619,2025-05-15,South,Personal Care,Toothpaste,Kabir,26,3.44,0.1,80.41,33.75
ORD-101620,2025-07-26,East,Beverages,Green Tea,Diya,15,11.57,0.05,164.83,64.41
ORD-101621,2025-04-26,North,Beverages,Mineral Water,Diya,77,8.24,0.1,570.74,212.62
ORD-101622,2025-08-15,North,Home & Kitchen,Mixer Grinder,Rohan,32,129.06,0.15,3510.36,899.45
ORD-101623,2025-06-20,East,Beverages,Green Tea,Sara,44,5.5,0.1,217.84,74.87
ORD-101624,2025-10-18,North,Home & Kitchen,Mixer Grinder,Rohan,21,123.04,0.05,2454.7,972.9
ORD-101625,2025-10-10,South,Personal Care,Body Lotion,Aarav,39,11.87,0.2,370.45,162.02
ORD-101626,2025-10-23,East,Electronics,Power Bank,Diya,36,70.78,0.0,2548.18,1207.9
ORD-101627,2025-05-31,South,Electronics,Bluetooth Speaker,Meera,44,146.05,0.0,6426.18,2268.87
ORD-101628,2025-12-08,West,Home & Kitchen,Cookware Set,Kabir,73,100.24,0.1,6585.67,2969.97
ORD-101629,2025-02-18,West,Grocery,Biscuits,Sara,26,23.47,0.15,518.65,95.2
ORD-101630,2025-01-26,South,Personal Care,Toothpaste,Aarav,47,19.12,0.1,808.82,319.52
ORD-101631,2025-07-10,South,Grocery,Rice,Aarav,5,21.44,0.2,85.74,33.69
ORD-101632,2025-12-13,South,Grocery,Cooking Oil,Kabir,39,5.41,0.0,210.96,42.98
ORD-101633,2025-04-08,North,Personal Care,Toothpaste,Aarav,48,14.66,0.1,633.11,126.15
ORD-101634,2025-10-31,South,Electronics,Wireless Earbuds,Aarav,58,31.14,0.05,1715.79,541.1
ORD-101635,2025-01-02,West,Grocery,Rice,Rohan,47,25.69,0.1,1086.5,483.48
ORD-101636,2025-03-25,East,Home & Kitchen,Mixer Grinder,Rohan,44,47.27,0.05,1976.0,507.53
ORD-101637,2025-12-04,North,Grocery,Biscuits,Kabir,58,20.11,0.0,1166.16,220.3
ORD-101638,2025-02-09,North,Electronics,Bluetooth Speaker,Meera,17,67.29,0.0,1143.96,414.08
ORD-101639,2025-01-05,West,Grocery,Pasta,Rohan,7,31.54,0.0,220.79,48.09
ORD-101640,2025-09-23,West,Personal Care,Toothpaste,Meera,45,10.01,0.0,450.37,157.58
ORD-101641,2025-10-05,South,Personal Care,Face Wash,Kabir,20,11.86,0.15,201.6,48.73
ORD-101642,2025-03-09,West,Electronics,Power Bank,Rohan,53,29.31,0.0,1553.43,637.97
ORD-101643,2025-03-19,North,Personal Care,Shampoo,Diya,53,6.07,0.1,289.7,83.93
ORD-101644,2025-11-13,West,Personal Care,Shampoo,Rohan,17,10.54,0.05,170.14,65.41
ORD-101645,2025-04-05,East,Beverages,Coffee,Kabir,59,7.59,0.0,447.59,151.69
ORD-101646,2025-06-09,East,Personal Care,Shampoo,Meera,38,3.62,0.15,116.99,21.92
ORD-101647,2025-11-14,West,Beverages,Orange Juice,Aarav,15,7.61,0.0,114.2,20.75
ORD-101648,2025-03-16,North,Electronics,Power Bank,Kabir,3,62.66,0.05,178.58,61.2
ORD-101649,2025-02-02,West,Grocery,Biscuits,Aarav,26,8.54,0.0,222.12,46.07
ORD-101650,2025-07-05,West,Electronics,Bluetooth Speaker,Diya,11,174.79,0.0,1922.66,765.99
ORD-101651,2025-10-23,West,Home & Kitchen,Air Fryer,Diya,41,61.99,0.15,2160.45,1019.59
ORD-101652,2025-10-30,West,Electronics,Bluetooth Speaker,Meera,39,110.07,0.0,4292.63,1704.5
ORD-101653,2025-02-13,South,Personal Care,Face Wash,Sara,13,14.76,0.05,182.29,32.87
ORD-101654,2025-08-02,East,Electronics,Bluetooth Speaker,Sara,73,24.65,0.0,1799.26,376.42
ORD-101655,2025-01-06,East,Beverages,Orange Juice,Aarav,23,6.71,0.1,138.81,28.08
ORD-101656,2025-10-17,East,Beverages,Coffee,Sara,76,6.86,0.1,469.44,128.74
ORD-101657,2025-02-02,West,Personal Care,Face Wash,Sara,44,15.74,0.0,692.73,156.84
ORD-101658,2025-10-20,North,Electronics,Power Bank,Rohan,28,57.72,0.0,1616.29,324.47
ORD-101659,2025-12-06,East,Personal Care,Shampoo,Rohan,76,12.64,0.1,864.71,402.85
ORD-101660,2025-07-18,East,Electronics,Bluetooth Speaker,Diya,75,162.02,0.05,11543.59,4446.83
ORD-101661,2025-06-29,North,Beverages,Mineral Water,Sara,15,5.31,0.0,79.63,17.3
ORD-101662,2025-01-21,North,Personal Care,Body Lotion,Rohan,70,9.35,0.0,654.37,249.69
ORD-101663,2025-02-08,West,Beverages,Orange Juice,Kabir,6,4.71,0.0,28.25,6.71
ORD-101664,2025-04-02,West,Home & Kitchen,Mixer Grinder,Meera,64,60.37,0.2,3090.74,1209.58
ORD-101665,2025-03-01,East,Personal Care,Toothpaste,Rohan,38,15.32,0.0,582.16,267.06
ORD-101666,2025-02-28,East,Personal Care,Toothpaste,Aarav,24,19.49,0.1,421.04,103.71
ORD-101667,2025-03-28,South,Beverages,Coffee,Sara,22,11.21,0.2,197.34,88.23
ORD-101668,2025-07-27,South,Grocery,Cooking Oil,Meera,22,8.99,0.05,188.0,70.65
ORD-101669,2025-02-07,North,Personal Care,Body Lotion,Rohan,46,13.19,0.05,576.23,201.53
ORD-101670,2025-11-13,South,Grocery,Biscuits,Sara,64,8.13,0.0,520.54,227.02
ORD-101671,2025-02-25,East,Personal Care,Body Lotion,Diya,16,6.93,0.0,110.84,32.42
ORD-101672,2025-02-19,North,Beverages,Mineral Water,Meera,43,3.6,0.0,154.97,71.6
ORD-101673,2025-09-30,West,Grocery,Cooking Oil,Rohan,2,22.35,0.05,42.47,15.65
ORD-101674,2025-04-02,South,Personal Care,Shampoo,Rohan,78,20.5,0.05,1518.84,342.78
ORD-101675,2025-11-01,East,Beverages,Green Tea,Rohan,33,3.94,0.2,103.9,23.19
ORD-101676,2025-01-26,East,Beverages,Green Tea,Rohan,46,6.84,0.0,314.68,61.82
ORD-101677,2025-02-06,South,Beverages,Mineral Water,Aarav,44,4.37,0.15,163.47,72.25
ORD-101678,2025-09-13,South,Home & Kitchen,Mixer Grinder,Meera,4,58.67,0.0,234.66,46.47
ORD-101679,2025-01-22,North,Electronics,Bluetooth Speaker,Diya,17,127.76,0.15,1846.19,355.51
ORD-101680,2025-10-16,East,Grocery,Biscuits,Diya,42,6.77,0.2,227.35,49.7
ORD-101681,2025-09-05,West,Personal Care,Face Wash,Aarav,41,14.27,0.0,585.13,140.75
ORD-101682,2025-01-20,East,Home & Kitchen,Mixer Grinder,Sara,23,88.98,0.0,2046.65,765.42
ORD-101683,2025-07-06,North,Electronics,Bluetooth Speaker,Kabir,59,54.15,0.1,2875.45,872.54
ORD-101684,2025-06-25,South,Grocery,Pasta,Rohan,64,18.79,0.15,1022.18,361.36
ORD-101685,2025-11-09,West,Home & Kitchen,Storage Box,Aarav,49,45.63,0.0,2235.9,1060.18
ORD-101686,2025-12-24,East,Personal Care,Face Wash,Sara,48,13.5,0.2,518.25,217.57
ORD-101687,2025-08-27,West,Beverages,Mineral Water,Rohan,33,7.44,0.05,233.37,43.65
ORD-101688,2025-07-06,East,Electronics,Bluetooth Speaker,Kabir,66,54.18,0.1,3218.04,1251.39
ORD-101689,2025-02-09,East,Electronics,Smart Watch,Kabir,18,178.49,0.1,2891.54,1246.78
ORD-101690,2025-12-07,West,Beverages,Green Tea,Rohan,45,6.66,0.15,254.74,87.58
ORD-101691,2025-01-21,West,Personal Care,Body Lotion,Kabir,59,10.52,0.0,620.49,221.64
ORD-101692,2025-10-12,South,Home & Kitchen,Air Fryer,Diya,78,78.53,0.0,6125.47,2334.27
ORD-101693,2025-03-08,East,Electronics,Power Bank,Diya,23,165.1,0.1,3417.64,1363.98
ORD-101694,2025-07-31,South,Beverages,Green Tea,Diya,37,4.12,0.0,152.45,55.28
ORD-101695,2025-09-21,West,Beverages,Green Tea,Diya,11,10.74,0.05,112.19,22.24
ORD-101696,2025-05-14,North,Beverages,Mineral Water,Meera,30,10.27,0.0,308.23,71.22
ORD-101697,2025-02-12,West,Electronics,Bluetooth Speaker,Sara,69,95.07,0.05,6231.6,2549.85
ORD-101698,2025-06-12,South,Personal Care,Body Lotion,Diya,71,22.71,0.0,1612.62,531.96
ORD-101699,2025-03-23,East,Home & Kitchen,Mixer Grinder,Meera,13,93.65,0.05,1156.58,384.2
ORD-101700,2025-09-20,North,Beverages,Coffee,Rohan,41,7.32,0.0,300.18,96.49
ORD-101701,2025-10-14,East,Home & Kitchen,Storage Box,Diya,19,51.47,0.0,977.94,260.78
ORD-101702,2025-11-18,West,Beverages,Green Tea,Meera,6,11.13,0.1,60.12,12.4
ORD-101703,2025-09-20,South,Grocery,Cooking Oil,Meera,49,7.03,0.05,327.26,114.57
ORD-101704,2025-04-29,East,Electronics,Wireless Earbuds,Kabir,54,148.14,0.0,7999.31,2877.22
ORD-101705,2025-10-22,North,Grocery,Biscuits,Kabir,15,16.18,0.05,230.58,76.18
ORD-101706,2025-12-20,North,Personal Care,Toothpaste,Aarav,67,23.37,0.1,1409.28,569.16
ORD-101707,2025-01-23,South,Grocery,Rice,Rohan,34,9.92,0.15,286.64,57.8
ORD-101708,2025-07-01,West,Grocery,Pasta,Kabir,19,15.43,0.0,293.19,55.7
ORD-101709,2025-06-02,South,Electronics,Smart Watch,Diya,10,81.32,0.0,813.22,338.52
ORD-101710,2025-09-22,West,Beverages,Coffee,Meera,6,4.4,0.0,26.4,4.83
ORD-101711,2025-02-06,East,Electronics,Power Bank,Sara,75,116.64,0.15,7435.5,2607.51
ORD-101712,2025-10-04,West,Electronics,Bluetooth Speaker,Diya,24,149.1,0.15,3041.64,650.46
ORD-101713,2025-05-26,West,Personal Care,Face Wash,Diya,70,23.24,0.05,1545.52,590.39
ORD-101714,2025-01-10,South,Personal Care,Body Lotion,Sara,56,9.24,0.0,517.44,149.35
ORD-101715,2025-11-04,West,Home & Kitchen,Cookware Set,Diya,26,138.52,0.1,3241.44,669.44
ORD-101716,2025-06-04,North,Personal Care,Shampoo,Rohan,19,4.47,0.15,72.15,25.98
ORD-101717,2025-05-30,East,Personal Care,Face Wash,Rohan,71,21.65,0.05,1459.96,623.73
ORD-101718,2025-07-23,East,Personal Care,Face Wash,Sara,55,3.01,0.05,157.39,34.5
ORD-101719,2025-08-26,North,Home & Kitchen,Storage Box,Meera,74,127.36,0.05,8953.22,2619.13
ORD-101720,2025-07-06,West,Grocery,Pasta,Sara,20,16.46,0.15,279.84,65.42
ORD-101721,2025-03-13,North,Personal Care,Toothpaste,Sara,69,6.91,0.15,405.01,162.44
ORD-101722,2025-09-18,West,Electronics,Smart Watch,Kabir,5,149.06,0.2,596.26,126.58
ORD-101723,2025-09-28,West,Personal Care,Body Lotion,Diya,55,22.47,0.0,1236.07,313.59
ORD-101724,2025-08-19,South,Grocery,Pasta,Kabir,11,15.83,0.0,174.11,49.59
ORD-101725,2025-07-15,South,Beverages,Orange Juice,Kabir,18,8.52,0.1,137.97,27.2
ORD-101726,2025-09-06,South,Beverages,Green Tea,Aarav,21,4.78,0.0,100.29,32.84
ORD-101727,2025-01-01,South,Electronics,Bluetooth Speaker,Aarav,41,60.03,0.0,2461.39,1047.19
ORD-101728,2025-05-11,West,Personal Care,Shampoo,Diya,30,16.96,0.2,406.94,185.17
ORD-101729,2025-07-18,South,Personal Care,Face Wash,Sara,64,18.8,0.0,1203.12,454.5
ORD-101730,2025-06-30,South,Beverages,Orange Juice,Rohan,19,11.72,0.1,200.4,79.14
ORD-101731,2025-10-14,West,Beverages,Mineral Water,Kabir,57,10.13,0.15,490.61,179.68
ORD-101732,2025-01-12,North,Personal Care,Face Wash,Sara,60,14.15,0.05,806.27,353.19
ORD-101733,2025-07-07,East,Electronics,Wireless Earbuds,Aarav,43,169.01,0.0,7267.51,2598.23
ORD-101734,2025-01-15,North,Grocery,Biscuits,Aarav,74,2.44,0.0,180.39,41.38
ORD-101735,2025-12-20,North,Grocery,Rice,Diya,4,31.34,0.15,106.54,29.72
ORD-101736,2025-03-01,South,Home & Kitchen,Mixer Grinder,Rohan,78,127.24,0.0,9925.07,3690.4
ORD-101737,2025-12-18,East,Beverages,Mineral Water,Sara,8,5.38,0.1,38.75,11.15
ORD-101738,2025-05-08,North,Home & Kitchen,Cookware Set,Aarav,69,37.34,0.05,2447.65,494.98
ORD-101739,2025-01-26,North,Electronics,Bluetooth Speaker,Diya,16,51.27,0.05,779.28,302.13
ORD-101740,2025-09-27,East,Personal Care,Toothpaste,Meera,58,11.29,0.0,655.1,180.88
ORD-101741,2025-03-20,West,Beverages,Green Tea,Sara,13,5.83,0.0,75.79,30.38
ORD-101742,2025-02-06,South,Electronics,Power Bank,Kabir,44,92.8,0.15,3470.58,1160.69
ORD-101743,2025-02-07,West,Electronics,Wireless Earbuds,Meera,28,169.69,0.0,4751.31,1237.31
ORD-101744,2025-02-17,North,Personal Care,Body Lotion,Rohan,30,12.14,0.0,364.15,139.48
ORD-101745,2025-03-05,North,Home & Kitchen,Storage Box,Kabir,5,136.35,0.15,579.48,173.88
ORD-101746,2025-10-26,South,Electronics,Smart Watch,Meera,46,108.11,0.1,4475.58,1679.89
ORD-101747,2025-04-03,North,Grocery,Cooking Oil,Rohan,39,14.11,0.1,495.22,209.26
ORD-101748,2025-08-07,East,Personal Care,Face Wash,Meera,64,11.94,0.05,725.88,250.52
ORD-101749,2025-11-28,North,Electronics,Smart Watch,Meera,3,36.9,0.0,110.71,33.41
ORD-101750,2025-02-23,South,Personal Care,Toothpaste,Meera,30,7.94,0.0,238.23,112.84
ORD-101751,2025-05-03,East,Home & Kitchen,Storage Box,Meera,37,32.37,0.05,1137.81,340.8
ORD-101752,2025-04-10,West,Electronics,Smart Watch,Rohan,42,33.95,0.0,1425.75,326.58
ORD-101753,2025-04-02,South,Home & Kitchen,Cookware Set,Sara,72,68.05,0.0,4899.4,1290.11
ORD-101754,2025-05-17,South,Grocery,Rice,Meera,22,2.52,0.05,52.61,21.05
ORD-101755,2025-05-07,West,Personal Care,Shampoo,Meera,9,11.46,0.0,103.13,20.51
ORD-101756,2025-12-09,East,Electronics,Bluetooth Speaker,Meera,71,106.05,0.0,7529.87,1549.85
ORD-101757,2025-01-14,North,Electronics,Wireless Earbuds,Kabir,79,34.22,0.05,2567.84,1179.79
ORD-101758,2025-06-06,South,Electronics,Wireless Earbuds,Sara,42,154.58,0.0,6492.16,1501.77
ORD-101759,2025-10-03,South,Home & Kitchen,Storage Box,Kabir,32,112.67,0.0,3605.34,804.98
ORD-101760,2025-06-02,South,Electronics,Power Bank,Sara,24,120.44,0.1,2601.59,1159.62
ORD-101761,2025-07-07,South,Personal Care,Body Lotion,Rohan,37,22.21,0.05,780.72,339.32
ORD-101762,2025-04-16,West,Electronics,Wireless Earbuds,Sara,8,130.72,0.05,993.46,368.93
ORD-101763,2025-02-24,East,Personal Care,Shampoo,Kabir,11,9.96,0.2,87.64,26.99
ORD-101764,2025-07-05,West,Home & Kitchen,Mixer Grinder,Kabir,46,135.84,0.0,6248.53,2831.12
ORD-101765,2025-02-23,North,Grocery,Rice,Aarav,44,3.03,0.2,106.7,22.12
ORD-101766,2025-01-31,West,Beverages,Coffee,Aarav,60,5.06,0.1,273.3,70.28
ORD-101767,2025-12-24,West,Home & Kitchen,Mixer Grinder,Rohan,52,55.47,0.0,2884.49,1244.64
ORD-101768,2025-09-11,West,Personal Care,Toothpaste,Meera,48,12.04,0.0,577.86,276.28
ORD-101769,2025-02-28,East,Personal Care,Toothpaste,Aarav,50,19.77,0.0,988.63,272.97
ORD-101770,2025-07-29,East,Electronics,Bluetooth Speaker,Aarav,75,72.28,0.2,4337.0,1534.66
ORD-101771,2025-05-28,North,Electronics,Bluetooth Speaker,Diya,5,18.82,0.0,94.08,43.39
ORD-101772,2025-01-26,North,Beverages,Coffee,Aarav,60,5.65,0.05,322.12,150.05
ORD-101773,2025-11-28,East,Personal Care,Shampoo,Kabir,78,12.01,0.05,889.87,340.23
ORD-101774,2025-01-04,East,Grocery,Cooking Oil,Rohan,24,15.1,0.0,362.31,126.81
ORD-101775,2025-11-21,North,Electronics,Bluetooth Speaker,Kabir,64,137.39,0.1,7913.64,1908.61
ORD-101776,2025-10-23,East,Personal Care,Toothpaste,Diya,30,16.38,0.0,491.43,104.2
ORD-101777,2025-05-08,North,Beverages,Green Tea,Diya,54,9.83,0.1,477.54,219.4
ORD-101778,2025-05-11,East,Beverages,Orange Juice,Aarav,57,7.39,0.15,357.88,107.45
ORD-101779,2025-01-16,West,Home & Kitchen,Mixer Grinder,Sara,53,135.2,0.0,7165.76,1684.4
ORD-101780,2025-08-22,West,Grocery,Cooking Oil,Aarav,78,25.76,0.05,1908.54,888.85
ORD-101781,2025-12-24,South,Electronics,Wireless Earbuds,Kabir,54,96.92,0.0,5233.94,1855.37
ORD-101782,2025-07-22,East,Grocery,Biscuits,Diya,36,31.39,0.1,1016.92,337.52
ORD-101783,2025-07-01,North,Home & Kitchen,Air Fryer,Kabir,43,77.64,0.0,3338.4,662.47
ORD-101784,2025-10-17,West,Personal Care,Toothpaste,Aarav,24,13.79,0.15,281.41,125.75
ORD-101785,2025-03-05,West,Grocery,Biscuits,Rohan,74,4.02,0.1,267.45,126.08
ORD-101786,2025-06-12,West,Grocery,Pasta,Sara,36,13.12,0.15,401.49,81.91
ORD-101787,2025-02-09,North,Beverages,Green Tea,Aarav,52,6.85,0.0,356.07,91.99
ORD-101788,2025-04-20,South,Beverages,Orange Juice,Diya,34,10.84,0.0,368.46,116.64
ORD-101789,2025-07-31,South,Home & Kitchen,Air Fryer,Sara,13,54.89,0.0,713.6,330.65
ORD-101790,2025-04-19,North,Home & Kitchen,Storage Box,Aarav,50,76.33,0.2,3053.35,1210.68
ORD-101791,2025-09-22,North,Grocery,Biscuits,Aarav,29,6.92,0.0,200.55,70.92
ORD-101792,2025-07-17,West,Electronics,Wireless Earbuds,Sara,62,140.55,0.05,8278.37,1716.03
ORD-101793,2025-11-14,North,Personal Care,Shampoo,Rohan,49,21.49,0.0,1052.96,331.78
ORD-101794,2025-08-03,South,Beverages,Orange Juice,Kabir,77,10.77,0.1,746.64,342.95
ORD-101795,2025-01-03,North,Home & Kitchen,Air Fryer,Aarav,43,67.11,0.0,2885.85,637.57
ORD-101796,2025-11-24,West,Beverages,Green Tea,Diya,11,6.63,0.05,69.27,13.29
ORD-101797,2025-10-24,West,Electronics,Smart Watch,Aarav,57,168.09,0.0,9581.22,2635.22
ORD-101798,2025-02-09,North,Grocery,Pasta,Aarav,34,3.78,0.0,128.69,43.03
ORD-101799,2025-09-29,South,Home & Kitchen,Mixer Grinder,Kabir,50,58.72,0.0,2936.16,804.86
ORD-101800,2025-10-14,North,Personal Care,Body Lotion,Rohan,30,19.23,0.2,461.58,140.7
